"","x","y","ID","DKmapsf$KN10kmDK"
"1",8.12849166,55.53792771,"1","10km_615_44"
"2",8.12649892,55.62777284,"2","10km_616_44"
"3",8.12449489,55.71761659,"3","10km_617_44"
"4",8.12247948,55.80745898,"4","10km_618_44"
"5",8.12045261,55.89729999,"5","10km_619_44"
"6",8.11841419,55.98713964,"6","10km_620_44"
"7",8.11636413,56.07697792,"7","10km_621_44"
"8",8.11430233,56.16681483,"8","10km_622_44"
"9",8.1122287,56.25665038,"9","10km_623_44"
"10",8.11014315,56.34648457,"10","10km_624_44"
"11",8.1080456,56.43631739,"11","10km_625_44"
"12",8.10593593,56.52614886,"12","10km_626_44"
"13",8.10381405,56.61597896,"13","10km_627_44"
"14",8.10167987,56.7058077,"14","10km_628_44"
"15",8.28855383,55.44910224,"15","10km_614_45"
"16",8.28693245,55.53895216,"16","10km_615_45"
"17",8.2853019,55.62880072,"17","10km_616_45"
"18",8.28366212,55.71864792,"18","10km_617_45"
"19",8.28201303,55.80849376,"19","10km_618_45"
"20",8.28035457,55.89833826,"20","10km_619_45"
"21",8.27868664,55.9881814,"21","10km_620_45"
"22",8.27700919,56.07802319,"22","10km_621_45"
"23",8.27532214,56.16786363,"23","10km_622_45"
"24",8.27362541,56.25770272,"24","10km_623_45"
"25",8.27191892,56.34754047,"25","10km_624_45"
"26",8.27020261,56.43737687,"26","10km_625_45"
"27",8.26847638,56.52721193,"27","10km_626_45"
"28",8.26674017,56.61704564,"28","10km_627_45"
"29",8.26499389,56.70687802,"29","10km_628_45"
"30",8.26323746,56.79670905,"30","10km_629_45"
"31",8.26147079,56.88653875,"31","10km_630_45"
"32",8.45161793,55.09049501,"32","10km_610_46"
"33",8.45038477,55.18035306,"33","10km_611_46"
"34",8.44914468,55.27020976,"34","10km_612_46"
"35",8.44789762,55.3600651,"35","10km_613_46"
"36",8.44664355,55.4499191,"36","10km_614_46"
"37",8.4453824,55.53977175,"37","10km_615_46"
"38",8.44411412,55.62962305,"38","10km_616_46"
"39",8.44283866,55.71947301,"39","10km_617_46"
"40",8.44155596,55.80932163,"40","10km_618_46"
"41",8.44026596,55.8991689,"41","10km_619_46"
"42",8.43896861,55.98901484,"42","10km_620_46"
"43",8.43766385,56.07885945,"43","10km_621_46"
"44",8.43635162,56.16870271,"44","10km_622_46"
"45",8.43503186,56.25854463,"45","10km_623_46"
"46",8.43370452,56.34838523,"46","10km_624_46"
"47",8.43236953,56.43822449,"47","10km_625_46"
"48",8.43102683,56.52806242,"48","10km_626_46"
"49",8.42967635,56.61789902,"49","10km_627_46"
"50",8.42831805,56.7077343,"50","10km_628_46"
"51",8.42695185,56.79756825,"51","10km_629_46"
"52",8.4255777,56.88740088,"52","10km_630_46"
"53",8.42419552,56.97723218,"53","10km_631_46"
"54",8.42280526,57.06706217,"54","10km_632_46"
"55",8.61004071,54.91137542,"55","10km_608_47"
"56",8.6091696,55.00123817,"56","10km_609_47"
"57",8.60829363,55.09109957,"57","10km_610_47"
"58",8.60741275,55.18095963,"58","10km_611_47"
"59",8.60652694,55.27081835,"59","10km_612_47"
"60",8.60563615,55.36067572,"60","10km_613_47"
"61",8.60474034,55.45053176,"61","10km_614_47"
"62",8.60383948,55.54038646,"62","10km_615_47"
"63",8.60293353,55.63023982,"63","10km_616_47"
"64",8.60202245,55.72009185,"64","10km_617_47"
"65",8.60110619,55.80994255,"65","10km_618_47"
"66",8.60018472,55.89979191,"66","10km_619_47"
"67",8.599258,55.98963995,"67","10km_620_47"
"68",8.59832599,56.07948665,"68","10km_621_47"
"69",8.59738864,56.16933203,"69","10km_622_47"
"70",8.59644591,56.25917609,"70","10km_623_47"
"71",8.59549777,56.34901882,"71","10km_624_47"
"72",8.59454416,56.43886023,"72","10km_625_47"
"73",8.59358504,56.52870031,"73","10km_626_47"
"74",8.59262037,56.61853908,"74","10km_627_47"
"75",8.59165011,56.70837654,"75","10km_628_47"
"76",8.59067421,56.79821268,"76","10km_629_47"
"77",8.58969263,56.8880475,"77","10km_630_47"
"78",8.58870531,56.97788101,"78","10km_631_47"
"79",8.58771222,57.06771322,"79","10km_632_47"
"80",8.58671331,57.15754411,"80","10km_633_47"
"81",8.7660225,54.9117758,"81","10km_608_48"
"82",8.76549981,55.00163988,"82","10km_609_48"
"83",8.76497421,55.09150262,"83","10km_610_48"
"84",8.76444567,55.18136402,"84","10km_611_48"
"85",8.76391417,55.27122409,"85","10km_612_48"
"86",8.76337968,55.36108281,"86","10km_613_48"
"87",8.76284218,55.45094021,"87","10km_614_48"
"88",8.76230165,55.54079628,"88","10km_615_48"
"89",8.76175807,55.63065102,"89","10km_616_48"
"90",8.7612114,55.72050442,"90","10km_617_48"
"91",8.76066163,55.8103565,"91","10km_618_48"
"92",8.76010873,55.90020726,"92","10km_619_48"
"93",8.75955269,55.99005669,"93","10km_620_48"
"94",8.75899346,56.0799048,"94","10km_621_48"
"95",8.75843103,56.16975159,"95","10km_622_48"
"96",8.75786538,56.25959707,"96","10km_623_48"
"97",8.75729647,56.34944122,"97","10km_624_48"
"98",8.75672429,56.43928406,"98","10km_625_48"
"99",8.7561488,56.52912558,"99","10km_626_48"
"100",8.75556999,56.6189658,"100","10km_627_48"
"101",8.75498781,56.7088047,"101","10km_628_48"
"102",8.75440225,56.7986423,"102","10km_629_48"
"103",8.75381329,56.88847859,"103","10km_630_48"
"104",8.75322088,56.97831358,"104","10km_631_48"
"105",8.75262501,57.06814726,"105","10km_632_48"
"106",8.92200717,54.91197599,"106","10km_608_49"
"107",8.92183295,55.00184074,"107","10km_609_49"
"108",8.92165774,55.09170415,"108","10km_610_49"
"109",8.92148156,55.18156622,"109","10km_611_49"
"110",8.92130439,55.27142696,"110","10km_612_49"
"111",8.92112623,55.36128636,"111","10km_613_49"
"112",8.92094706,55.45114444,"112","10km_614_49"
"113",8.92076688,55.54100119,"113","10km_615_49"
"114",8.92058568,55.63085662,"114","10km_616_49"
"115",8.92040346,55.72071071,"115","10km_617_49"
"116",8.9202202,55.81056349,"116","10km_618_49"
"117",8.92003589,55.90041494,"117","10km_619_49"
"118",8.91985054,55.99026507,"118","10km_620_49"
"119",8.91966413,56.08011388,"119","10km_621_49"
"120",8.91947665,56.16996138,"120","10km_622_49"
"121",8.9192881,56.25980756,"121","10km_623_49"
"122",8.91909846,56.34965243,"122","10km_624_49"
"123",8.91890773,56.43949598,"123","10km_625_49"
"124",8.9187159,56.52933822,"124","10km_626_49"
"125",8.91852296,56.61917916,"125","10km_627_49"
"126",8.91832889,56.70901879,"126","10km_628_49"
"127",8.91813371,56.79885712,"127","10km_629_49"
"128",8.91793738,56.88869414,"128","10km_630_49"
"129",8.91773991,56.97852986,"129","10km_631_49"
"130",8.91754128,57.06836429,"130","10km_632_49"
"131",8.91734149,57.15819742,"131","10km_633_49"
"132",9.07799283,54.91197599,"132","10km_608_50"
"133",9.07816705,55.00184074,"133","10km_609_50"
"134",9.07834226,55.09170415,"134","10km_610_50"
"135",9.07851844,55.18156622,"135","10km_611_50"
"136",9.07869561,55.27142696,"136","10km_612_50"
"137",9.07887377,55.36128636,"137","10km_613_50"
"138",9.07905294,55.45114444,"138","10km_614_50"
"139",9.07923312,55.54100119,"139","10km_615_50"
"140",9.07941432,55.63085662,"140","10km_616_50"
"141",9.07959654,55.72071071,"141","10km_617_50"
"142",9.0797798,55.81056349,"142","10km_618_50"
"143",9.07996411,55.90041494,"143","10km_619_50"
"144",9.08014946,55.99026507,"144","10km_620_50"
"145",9.08033587,56.08011388,"145","10km_621_50"
"146",9.08052335,56.16996138,"146","10km_622_50"
"147",9.0807119,56.25980756,"147","10km_623_50"
"148",9.08090154,56.34965243,"148","10km_624_50"
"149",9.08109227,56.43949598,"149","10km_625_50"
"150",9.0812841,56.52933822,"150","10km_626_50"
"151",9.08147705,56.61917916,"151","10km_627_50"
"152",9.08167111,56.70901879,"152","10km_628_50"
"153",9.08186629,56.79885712,"153","10km_629_50"
"154",9.08206262,56.88869414,"154","10km_630_50"
"155",9.08226009,56.97852986,"155","10km_631_50"
"156",9.08245872,57.06836429,"156","10km_632_50"
"157",9.08265851,57.15819742,"157","10km_633_50"
"158",9.23345772,54.82191037,"158","10km_607_51"
"159",9.2339775,54.9117758,"159","10km_608_51"
"160",9.23450019,55.00163988,"160","10km_609_51"
"161",9.23502579,55.09150262,"161","10km_610_51"
"162",9.23555433,55.18136402,"162","10km_611_51"
"163",9.23608583,55.27122409,"163","10km_612_51"
"164",9.23662032,55.36108281,"164","10km_613_51"
"165",9.23715782,55.45094021,"165","10km_614_51"
"166",9.23769835,55.54079628,"166","10km_615_51"
"167",9.23824194,55.63065102,"167","10km_616_51"
"168",9.2387886,55.72050442,"168","10km_617_51"
"169",9.23933837,55.8103565,"169","10km_618_51"
"170",9.23989127,55.90020726,"170","10km_619_51"
"171",9.24044732,55.99005669,"171","10km_620_51"
"172",9.24100654,56.0799048,"172","10km_621_51"
"173",9.24156897,56.16975159,"173","10km_622_51"
"174",9.24213462,56.25959707,"174","10km_623_51"
"175",9.24270353,56.34944122,"175","10km_624_51"
"176",9.24327571,56.43928406,"176","10km_625_51"
"177",9.2438512,56.52912558,"177","10km_626_51"
"178",9.24443002,56.6189658,"178","10km_627_51"
"179",9.24501219,56.70880471,"179","10km_628_51"
"180",9.24559775,56.7986423,"180","10km_629_51"
"181",9.24618672,56.88847859,"181","10km_630_51"
"182",9.24677912,56.97831358,"182","10km_631_51"
"183",9.247375,57.06814726,"183","10km_632_51"
"184",9.24797437,57.15797964,"184","10km_633_51"
"185",9.389093,54.82151132,"185","10km_607_52"
"186",9.38995929,54.91137542,"186","10km_608_52"
"187",9.3908304,55.00123817,"187","10km_609_52"
"188",9.39170637,55.09109957,"188","10km_610_52"
"189",9.39258725,55.18095963,"189","10km_611_52"
"190",9.39347307,55.27081835,"190","10km_612_52"
"191",9.39436386,55.36067572,"191","10km_613_52"
"192",9.39525966,55.45053176,"192","10km_614_52"
"193",9.39616052,55.54038646,"193","10km_615_52"
"194",9.39706647,55.63023982,"194","10km_616_52"
"195",9.39797756,55.72009185,"195","10km_617_52"
"196",9.39889381,55.80994255,"196","10km_618_52"
"197",9.39981528,55.89979191,"197","10km_619_52"
"198",9.400742,55.98963995,"198","10km_620_52"
"199",9.40167401,56.07948665,"199","10km_621_52"
"200",9.40261136,56.16933203,"200","10km_622_52"
"201",9.40355408,56.25917609,"201","10km_623_52"
"202",9.40450223,56.34901882,"202","10km_624_52"
"203",9.40545584,56.43886023,"203","10km_625_52"
"204",9.40641496,56.52870031,"204","10km_626_52"
"205",9.40737962,56.61853908,"205","10km_627_52"
"206",9.40834989,56.70837654,"206","10km_628_52"
"207",9.40932579,56.79821268,"207","10km_629_52"
"208",9.41030737,56.8880475,"208","10km_630_52"
"209",9.41129469,56.97788101,"209","10km_631_52"
"210",9.41228778,57.06771322,"210","10km_632_52"
"211",9.4132867,57.15754411,"211","10km_633_52"
"212",9.5447235,54.82091275,"212","10km_607_53"
"213",9.54593624,54.91077486,"213","10km_608_53"
"214",9.54715575,55.00063561,"214","10km_609_53"
"215",9.54838206,55.09049501,"215","10km_610_53"
"216",9.54961523,55.18035306,"216","10km_611_53"
"217",9.55085532,55.27020976,"217","10km_612_53"
"218",9.55210238,55.3600651,"218","10km_613_53"
"219",9.55335645,55.4499191,"219","10km_614_53"
"220",9.5546176,55.53977175,"220","10km_615_53"
"221",9.55588587,55.62962305,"221","10km_616_53"
"222",9.55716134,55.71947301,"222","10km_617_53"
"223",9.55844404,55.80932163,"223","10km_618_53"
"224",9.55973403,55.8991689,"224","10km_619_53"
"225",9.56103138,55.98901484,"225","10km_620_53"
"226",9.56233615,56.07885944,"226","10km_621_53"
"227",9.56364837,56.16870271,"227","10km_622_53"
"228",9.56496814,56.25854463,"228","10km_623_53"
"229",9.56629548,56.34838523,"229","10km_624_53"
"230",9.56763047,56.43822449,"230","10km_625_53"
"231",9.56897317,56.52806242,"231","10km_626_53"
"232",9.57032364,56.61789902,"232","10km_627_53"
"233",9.57168195,56.7077343,"233","10km_628_53"
"234",9.57304814,56.79756825,"234","10km_629_53"
"235",9.5744223,56.88740088,"235","10km_630_53"
"236",9.57580448,56.97723218,"236","10km_631_53"
"237",9.57719474,57.06706217,"237","10km_632_53"
"238",9.57859316,57.15689084,"238","10km_633_53"
"239",9.57999979,57.24671818,"239","10km_634_53"
"240",9.58141472,57.33654421,"240","10km_635_53"
"241",9.70034729,54.82011468,"241","10km_607_54"
"242",9.70190644,54.90997414,"242","10km_608_54"
"243",9.70347429,54.99983223,"243","10km_609_54"
"244",9.70505089,55.08968896,"244","10km_610_54"
"245",9.70663631,55.17954433,"245","10km_611_54"
"246",9.70823061,55.26939832,"246","10km_612_54"
"247",9.70983388,55.35925096,"247","10km_613_54"
"248",9.71144617,55.44910224,"248","10km_614_54"
"249",9.71306755,55.53895216,"249","10km_615_54"
"250",9.7146981,55.62880072,"250","10km_616_54"
"251",9.71633788,55.71864792,"251","10km_617_54"
"252",9.71798697,55.80849376,"252","10km_618_54"
"253",9.71964544,55.89833826,"253","10km_619_54"
"254",9.72131336,55.9881814,"254","10km_620_54"
"255",9.72299081,56.07802319,"255","10km_621_54"
"256",9.72467786,56.16786363,"256","10km_622_54"
"257",9.7263746,56.25770272,"257","10km_623_54"
"258",9.72808108,56.34754047,"258","10km_624_54"
"259",9.72979739,56.43737687,"259","10km_625_54"
"260",9.73152362,56.52721193,"260","10km_626_54"
"261",9.73325983,56.61704564,"261","10km_627_54"
"262",9.73500611,56.70687801,"262","10km_628_54"
"263",9.73676254,56.79670905,"263","10km_629_54"
"264",9.73852921,56.88653875,"264","10km_630_54"
"265",9.74030618,56.97636711,"265","10km_631_54"
"266",9.74209355,57.06619413,"266","10km_632_54"
"267",9.7438914,57.15601983,"267","10km_633_54"
"268",9.74569982,57.24584418,"268","10km_634_54"
"269",9.74751888,57.33566721,"269","10km_635_54"
"270",9.74934869,57.42548892,"270","10km_636_54"
"271",9.75118932,57.51530929,"271","10km_637_54"
"272",9.85596245,54.81911713,"272","10km_607_55"
"273",9.85786795,54.90897328,"273","10km_608_55"
"274",9.85978408,54.99882805,"274","10km_609_55"
"275",9.86171089,55.08868144,"275","10km_610_55"
"276",9.86559695,55.26838408,"276","10km_612_55"
"277",9.86755635,55.35823333,"277","10km_613_55"
"278",9.86952679,55.44808121,"278","10km_614_55"
"279",9.87150833,55.53792771,"279","10km_615_55"
"280",9.87350108,55.62777284,"280","10km_616_55"
"281",9.87550511,55.71761659,"281","10km_617_55"
"282",9.87752052,55.80745898,"282","10km_618_55"
"283",9.87954739,55.89729999,"283","10km_619_55"
"284",9.88158581,55.98713964,"284","10km_620_55"
"285",9.88363587,56.07697792,"285","10km_621_55"
"286",9.88569767,56.16681483,"286","10km_622_55"
"287",9.8877713,56.25665038,"287","10km_623_55"
"288",9.88985685,56.34648457,"288","10km_624_55"
"289",9.8919544,56.43631739,"289","10km_625_55"
"290",9.89406407,56.52614886,"290","10km_626_55"
"291",9.89618595,56.61597896,"291","10km_627_55"
"292",9.89832013,56.70580771,"292","10km_628_55"
"293",9.90046671,56.79563509,"293","10km_629_55"
"294",9.9026258,56.88546113,"294","10km_630_55"
"295",9.90479748,56.97528581,"295","10km_631_55"
"296",9.90698188,57.06510914,"296","10km_632_55"
"297",9.90917908,57.15493111,"297","10km_633_55"
"298",9.91138918,57.24475174,"298","10km_634_55"
"299",9.91361231,57.33457102,"299","10km_635_55"
"300",9.91584856,57.42438895,"300","10km_636_55"
"301",9.91809804,57.51420554,"301","10km_637_55"
"302",9.92036086,57.60402078,"302","10km_638_55"
"303",10.01156708,54.81792013,"303","10km_607_56"
"304",10.01381885,54.90777231,"304","10km_608_56"
"305",10.01608316,54.99762309,"305","10km_609_56"
"306",10.01836012,55.08747247,"306","10km_610_56"
"307",10.02064982,55.17732045,"307","10km_611_56"
"308",10.02295234,55.26716704,"308","10km_612_56"
"309",10.0252678,55.35701223,"309","10km_613_56"
"310",10.02759629,55.44685603,"310","10km_614_56"
"311",10.02993792,55.53669844,"311","10km_615_56"
"312",10.03229278,55.62653945,"312","10km_616_56"
"313",10.03466097,55.71637907,"313","10km_617_56"
"314",10.03704261,55.8062173,"314","10km_618_56"
"315",10.03943779,55.89605414,"315","10km_619_56"
"316",10.04184662,55.98588959,"316","10km_620_56"
"317",10.04426921,56.07572366,"317","10km_621_56"
"318",10.04670566,56.16555634,"318","10km_622_56"
"319",10.04915608,56.25538764,"319","10km_623_56"
"320",10.0516206,56.34521755,"320","10km_624_56"
"321",10.0540993,56.43504609,"321","10km_625_56"
"322",10.05659233,56.52487324,"322","10km_626_56"
"323",10.05909977,56.61469901,"323","10km_627_56"
"324",10.06162174,56.7045234,"324","10km_628_56"
"325",10.06415837,56.79434642,"325","10km_629_56"
"326",10.06670978,56.88416806,"326","10km_630_56"
"327",10.06927609,56.97398832,"327","10km_631_56"
"328",10.0718574,57.06380721,"328","10km_632_56"
"329",10.07445384,57.15362473,"329","10km_633_56"
"330",10.07706554,57.24344087,"330","10km_634_56"
"331",10.07969262,57.33325565,"331","10km_635_56"
"332",10.08233521,57.42306906,"332","10km_636_56"
"333",10.08499343,57.5128811,"333","10km_637_56"
"334",10.08766741,57.60269178,"334","10km_638_56"
"335",10.1697572,54.90637126,"335","10km_608_57"
"336",10.17236962,54.99621739,"336","10km_609_57"
"337",10.17499661,55.08606209,"337","10km_610_57"
"338",10.1776383,55.17590538,"338","10km_611_57"
"339",10.1802948,55.26574725,"339","10km_612_57"
"340",10.18296622,55.35558771,"340","10km_613_57"
"341",10.18565267,55.44542675,"341","10km_614_57"
"342",10.18835427,55.53526437,"342","10km_615_57"
"343",10.19107114,55.62510058,"343","10km_616_57"
"344",10.1938034,55.71493538,"344","10km_617_57"
"345",10.19655115,55.80476876,"345","10km_618_57"
"346",10.19931454,55.89460073,"346","10km_619_57"
"347",10.20209367,55.9844313,"347","10km_620_57"
"348",10.20488867,56.07426045,"348","10km_621_57"
"349",10.20769966,56.1640882,"349","10km_622_57"
"350",10.21052678,56.25391453,"350","10km_623_57"
"351",10.21337015,56.34373946,"351","10km_624_57"
"352",10.21622989,56.43356299,"352","10km_625_57"
"353",10.21910615,56.52338511,"353","10km_626_57"
"354",10.22199904,56.61320583,"354","10km_627_57"
"355",10.2249087,56.70302514,"355","10km_628_57"
"356",10.22783527,56.79284306,"356","10km_629_57"
"357",10.23077888,56.88265957,"357","10km_630_57"
"358",10.23373967,56.97247468,"358","10km_631_57"
"359",10.23671778,57.0622884,"359","10km_632_57"
"360",10.23971334,57.15210072,"360","10km_633_57"
"361",10.24272651,57.24191164,"361","10km_634_57"
"362",10.24575742,57.33172116,"362","10km_635_57"
"363",10.24880622,57.42152929,"363","10km_636_57"
"364",10.25187305,57.51133603,"364","10km_637_57"
"365",10.25495807,57.60114137,"365","10km_638_57"
"366",10.32273707,54.81492791,"366","10km_607_58"
"367",10.32568107,54.90477017,"367","10km_608_58"
"368",10.32864148,54.99461098,"368","10km_609_58"
"369",10.33161841,55.08445034,"369","10km_610_58"
"370",10.33461198,55.17428827,"370","10km_611_58"
"371",10.33762234,55.26412475,"371","10km_612_58"
"372",10.3406496,55.35395979,"372","10km_613_58"
"373",10.3436939,55.44379339,"373","10km_614_58"
"374",10.34675536,55.53362555,"374","10km_615_58"
"375",10.34983412,55.62345628,"375","10km_616_58"
"376",10.35604407,55.80311341,"376","10km_618_58"
"377",10.35917554,55.89293981,"377","10km_619_58"
"378",10.36867755,56.16241043,"378","10km_622_58"
"379",10.37188124,56.2522311,"379","10km_623_58"
"380",10.37510333,56.34205034,"380","10km_624_58"
"381",10.37834398,56.43186814,"381","10km_625_58"
"382",10.38160334,56.52168452,"382","10km_626_58"
"383",10.38488154,56.61149946,"383","10km_627_58"
"384",10.38817876,56.70131297,"384","10km_628_58"
"385",10.39818594,56.97074494,"385","10km_631_58"
"386",10.40156071,57.06055274,"386","10km_632_58"
"387",10.40495525,57.15035911,"387","10km_633_58"
"388",10.40836974,57.24016406,"388","10km_634_58"
"389",10.41180433,57.32996759,"389","10km_635_58"
"390",10.4152592,57.41976969,"390","10km_636_58"
"391",10.41873449,57.50957036,"391","10km_637_58"
"392",10.42223038,57.59936962,"392","10km_638_58"
"393",10.42574706,57.68916746,"393","10km_639_58"
"394",10.47829861,54.81313277,"394","10km_607_59"
"395",10.48158855,54.90296907,"395","10km_608_59"
"396",10.48489682,54.9928039,"396","10km_609_59"
"397",10.48822355,55.08263726,"397","10km_610_59"
"398",10.4915689,55.17246915,"398","10km_611_59"
"399",10.49493298,55.26229957,"399","10km_612_59"
"400",10.49831595,55.35212852,"400","10km_613_59"
"401",10.50171795,55.44195601,"401","10km_614_59"
"402",10.50513915,55.53178203,"402","10km_615_59"
"403",10.51551929,55.80125128,"403","10km_618_59"
"404",10.5190187,55.89107143,"404","10km_619_59"
"405",10.52253804,55.98089011,"405","10km_620_59"
"406",10.52963718,56.1605231,"406","10km_622_59"
"407",10.53321728,56.25033739,"407","10km_623_59"
"408",10.53681795,56.34015023,"408","10km_624_59"
"409",10.54043936,56.4299616,"409","10km_625_59"
"410",10.54408167,56.51977151,"410","10km_626_59"
"411",10.57017722,57.14839997,"411","10km_633_59"
"412",10.57399287,57.23819821,"412","10km_634_59"
"413",10.57783098,57.32799498,"413","10km_635_59"
"414",10.58169174,57.4177903,"414","10km_636_59"
"415",10.58557533,57.50758416,"415","10km_637_59"
"416",10.59341175,57.68716752,"416","10km_639_59"
"417",10.59736498,57.77695702,"417","10km_640_59"
"418",10.63022631,54.72130716,"418","10km_606_60"
"419",10.63384196,54.81113835,"419","10km_607_60"
"420",10.63747771,54.90096803,"420","10km_608_60"
"421",10.64113371,54.99079622,"421","10km_609_60"
"422",10.6448101,55.0806229,"422","10km_610_60"
"423",10.64850706,55.17044809,"423","10km_611_60"
"424",10.65222473,55.26027177,"424","10km_612_60"
"425",10.65596326,55.35009396,"425","10km_613_60"
"426",10.65972284,55.43991465,"426","10km_614_60"
"427",10.6635036,55.52973384,"427","10km_615_60"
"428",10.66730573,55.61955153,"428","10km_616_60"
"429",10.67497472,55.79918243,"429","10km_618_60"
"430",10.67884192,55.88899563,"430","10km_619_60"
"431",10.69057639,56.15842625,"431","10km_622_60"
"432",10.69453275,56.24823346,"432","10km_623_60"
"433",10.69851184,56.33803918,"433","10km_624_60"
"434",10.70251384,56.4278434,"434","10km_625_60"
"435",10.70653894,56.51764613,"435","10km_626_60"
"436",10.78540582,54.71912074,"436","10km_606_61"
"437",10.78936522,54.80894468,"437","10km_607_61"
"438",10.79334662,54.89876709,"438","10km_608_61"
"439",10.79735018,54.98858797,"439","10km_609_61"
"440",10.80137608,55.07840732,"440","10km_610_61"
"441",10.8054245,55.16822513,"441","10km_611_61"
"442",10.80949559,55.25804141,"442","10km_612_61"
"443",10.81358954,55.34785616,"443","10km_613_61"
"444",10.85582549,56.24591937,"444","10km_623_61"
"445",10.86018282,56.33571727,"445","10km_624_61"
"446",10.86456523,56.42551363,"446","10km_625_61"
"447",10.86897293,56.51530845,"447","10km_626_61"
"448",10.90516937,57.2336119,"448","10km_634_61"
"449",10.90981395,57.32339293,"449","10km_635_61"
"450",10.94486647,54.80655185,"450","10km_607_62"
"451",10.94919335,54.89636632,"451","10km_608_62"
"452",10.95354432,54.98617922,"452","10km_609_62"
"453",10.95791956,55.07599057,"453","10km_610_62"
"454",10.96231927,55.16580034,"454","10km_611_62"
"455",10.97119279,55.34541518,"455","10km_613_62"
"456",10.98924168,55.70462603,"456","10km_617_62"
"457",11.07071804,57.23099158,"457","10km_634_62"
"458",11.07576553,57.32076362,"458","10km_635_62"
"459",11.09569744,54.7141524,"459","10km_606_63"
"460",11.10034382,54.80395989,"460","10km_607_63"
"461",11.105016,54.89376577,"461","10km_608_63"
"462",11.10971419,54.98357005,"462","10km_609_63"
"463",11.11918939,55.16317378,"463","10km_611_63"
"464",11.1239668,55.25297324,"464","10km_612_63"
"465",11.12877102,55.34277109,"465","10km_613_63"
"466",11.13360226,55.43256733,"466","10km_614_63"
"467",11.13846072,55.52236195,"467","10km_615_63"
"468",11.14334661,55.61215497,"468","10km_616_63"
"469",11.14826016,55.70194638,"469","10km_617_63"
"470",11.24168734,57.31791556,"470","10km_635_63"
"471",11.25080577,54.71137062,"471","10km_606_64"
"472",11.25579535,54.8011689,"472","10km_607_64"
"473",11.26081264,54.89096553,"473","10km_608_64"
"474",11.26585785,54.98076051,"474","10km_609_64"
"475",11.27603291,55.16034553,"475","10km_611_64"
"476",11.28116318,55.25013557,"476","10km_612_64"
"477",11.28632223,55.33992395,"477","10km_613_64"
"478",11.29151029,55.42971069,"478","10km_614_64"
"479",11.29672759,55.51949577,"479","10km_615_64"
"480",11.30197434,55.6092792,"480","10km_616_64"
"481",11.30725077,55.69906097,"481","10km_617_64"
"482",11.31255711,55.78884109,"482","10km_618_64"
"483",11.32326048,55.96839636,"483","10km_620_64"
"484",11.40058341,54.61860042,"484","10km_605_65"
"485",11.40588659,54.70839052,"485","10km_606_65"
"486",11.41121916,54.79817893,"486","10km_607_65"
"487",11.41658135,54.88796565,"487","10km_608_65"
"488",11.42197338,54.97775068,"488","10km_609_65"
"489",11.43284786,55.15731566,"489","10km_611_65"
"490",11.43833077,55.24709561,"490","10km_612_65"
"491",11.44384444,55.33687386,"491","10km_613_65"
"492",11.44938911,55.42665041,"492","10km_614_65"
"493",11.454965,55.51642527,"493","10km_615_65"
"494",11.46057238,55.60619843,"494","10km_616_65"
"495",11.46621147,55.69596988,"495","10km_617_65"
"496",11.47188252,55.78573964,"496","10km_618_65"
"497",11.47758578,55.87550768,"497","10km_619_65"
"498",11.48332152,55.96527403,"498","10km_620_65"
"499",11.55529395,54.61543257,"499","10km_605_66"
"500",11.56093802,54.70521219,"500","10km_606_66"
"501",11.56661337,54.79499008,"501","10km_607_66"
"502",11.57232023,54.88476623,"502","10km_608_66"
"503",11.57805884,54.97454065,"503","10km_609_66"
"504",11.58382944,55.06431332,"504","10km_610_66"
"505",11.58963228,55.15408425,"505","10km_611_66"
"506",11.5954676,55.24385344,"506","10km_612_66"
"507",11.60133565,55.33362089,"507","10km_613_66"
"508",11.60723668,55.42338659,"508","10km_614_66"
"509",11.61317095,55.51315054,"509","10km_615_66"
"510",11.6191387,55.60291274,"510","10km_616_66"
"511",11.62514021,55.69267319,"511","10km_617_66"
"512",11.63117572,55.78243189,"512","10km_618_66"
"513",11.63724551,55.87218884,"513","10km_619_66"
"514",11.64334984,55.96194402,"514","10km_620_66"
"515",11.70997343,54.61206722,"515","10km_605_67"
"516",11.71595817,54.70183572,"516","10km_606_67"
"517",11.72197605,54.79160243,"517","10km_607_67"
"518",11.72802735,54.88136736,"518","10km_608_67"
"519",11.7341123,54.97113049,"519","10km_609_67"
"520",11.74023118,55.06089184,"520","10km_610_67"
"521",11.74638422,55.1506514,"521","10km_611_67"
"522",11.7525717,55.24040916,"522","10km_612_67"
"523",11.75879388,55.33016513,"523","10km_613_67"
"524",11.76505102,55.4199193,"524","10km_614_67"
"525",11.7713434,55.50967167,"525","10km_615_67"
"526",11.77767128,55.59942223,"526","10km_616_67"
"527",11.78403493,55.689171,"527","10km_617_67"
"528",11.79043465,55.77891795,"528","10km_618_67"
"529",11.79687069,55.8686631,"529","10km_619_67"
"530",11.80334336,55.95840644,"530","10km_620_67"
"531",11.86462001,54.60850447,"531","10km_605_68"
"532",11.87094515,54.69826118,"532","10km_606_68"
"533",11.87730533,54.78801607,"533","10km_607_68"
"534",11.88370081,54.87776911,"534","10km_608_68"
"535",11.89013186,54.96752032,"535","10km_609_68"
"536",11.89659874,55.05726968,"536","10km_610_68"
"537",11.90310173,55.14701719,"537","10km_611_68"
"538",11.90964111,55.23676286,"538","10km_612_68"
"539",11.91621715,55.32650668,"539","10km_613_68"
"540",11.92283014,55.41624864,"540","10km_614_68"
"541",11.92948035,55.50598875,"541","10km_615_68"
"542",11.93616808,55.595727,"542","10km_616_68"
"543",11.9428936,55.6854634,"543","10km_617_68"
"544",11.94965724,55.77519792,"544","10km_618_68"
"545",11.95645926,55.86493059,"545","10km_619_68"
"546",11.96329997,55.95466138,"546","10km_620_68"
"547",11.97017967,56.04439031,"547","10km_621_68"
"548",12.01923182,54.6047444,"548","10km_605_69"
"549",12.02589711,54.69448869,"549","10km_606_69"
"550",12.03259931,54.78423109,"550","10km_607_69"
"551",12.03933871,54.87397159,"551","10km_608_69"
"552",12.04611557,54.96371021,"552","10km_609_69"
"553",12.05293019,55.05344692,"553","10km_610_69"
"554",12.05978286,55.14318173,"554","10km_611_69"
"555",12.06667386,55.23291463,"555","10km_612_69"
"556",12.07360348,55.32264563,"556","10km_613_69"
"557",12.08057202,55.41237472,"557","10km_614_69"
"558",12.08757979,55.50210189,"558","10km_615_69"
"559",12.09462707,55.59182715,"559","10km_616_69"
"560",12.10171418,55.68155049,"560","10km_617_69"
"561",12.10884143,55.77127191,"561","10km_618_69"
"562",12.11600912,55.86099139,"562","10km_619_69"
"563",12.12321758,55.95070895,"563","10km_620_69"
"564",12.13046712,56.04042458,"564","10km_621_69"
"565",12.1878561,54.7802476,"565","10km_607_70"
"566",12.19493913,54.86997491,"566","10km_608_70"
"567",12.20206153,54.95970027,"567","10km_609_70"
"568",12.2092236,55.04942368,"568","10km_610_70"
"569",12.21642565,55.13914512,"569","10km_611_70"
"570",12.22366798,55.22886459,"570","10km_612_70"
"571",12.23095088,55.3185821,"571","10km_613_70"
"572",12.23827468,55.40829764,"572","10km_614_70"
"573",12.2456397,55.4980112,"573","10km_615_70"
"574",12.25304623,55.58772279,"574","10km_616_70"
"575",12.26049462,55.67743239,"575","10km_617_70"
"576",12.26798518,55.76714001,"576","10km_618_70"
"577",12.27551823,55.85684563,"577","10km_619_70"
"578",12.28309412,55.94654927,"578","10km_620_70"
"579",12.29071316,56.03625091,"579","10km_621_70"
"580",12.29837571,56.12595054,"580","10km_622_70"
"581",12.35796782,54.95549062,"581","10km_609_71"
"582",12.36547705,55.04520005,"582","10km_610_71"
"583",12.38062151,55.22461285,"583","10km_612_71"
"584",12.38825739,55.3143162,"584","10km_613_71"
"585",12.39593614,55.40401751,"585","10km_614_71"
"586",12.41142356,55.58341402,"586","10km_616_71"
"587",12.41923289,55.6731092,"587","10km_617_71"
"588",12.42708643,55.76280234,"588","10km_618_71"
"589",12.43498451,55.85249342,"589","10km_619_71"
"590",12.44292749,55.94218244,"590","10km_620_71"
"591",12.45091571,56.0318694,"591","10km_621_71"
"592",12.45894952,56.12155428,"592","10km_622_71"
"593",12.51383253,54.95108137,"593","10km_609_72"
"594",12.52168859,55.04077617,"594","10km_610_72"
"595",12.56975702,55.57890097,"595","10km_616_72"
"596",12.57792696,55.66858106,"596","10km_617_72"
"597",12.58614314,55.75825903,"597","10km_618_72"
"598",12.5944059,55.84793487,"598","10km_619_72"
"599",12.61107266,56.02728017,"599","10km_621_72"
"600",12.7280446,55.57418377,"600","10km_616_73"
"601",12.7365748,55.66384809,"601","10km_617_73"
"602",14.71592128,55.04730897,"602","10km_611_86"
"603",14.72873312,55.13672366,"603","10km_612_86"
"604",14.74161636,55.22613502,"604","10km_613_86"
"605",14.75457154,55.31554304,"605","10km_614_86"
"606",14.87161793,55.03987399,"606","10km_611_87"
"607",14.8847739,55.12926407,"607","10km_612_87"
"608",14.89800315,55.21865071,"608","10km_613_87"
"609",15.01381689,54.9428723,"609","10km_610_88"
"610",15.02724184,55.03224066,"610","10km_611_88"
"611",15.04074139,55.12160547,"611","10km_612_88"
"612",15.05431611,55.21096674,"612","10km_613_88"
"613",15.18279115,55.02440917,"613","10km_611_89"
"614",15.19663372,55.11374808,"614","10km_612_89"
