"","KN10kmDK","Artificial surfaces","Agricultural areas","Forest and semi natural areas","Wetlands","Water bodies","Nonclassified","corine_area"
"1","10km_605_65",0.0283060269240572,0.262084386657591,0.0108816300450803,0.01674381521403,0.140990218660084,0.540993922499158,1
"2","10km_605_66",0,0.117052720640969,0.0165581632535781,0.0126549683230337,0.28932357850528,0.56441056927714,1
"3","10km_605_67",0.00470950151654771,0.0195179761551881,0.00397893086460174,0,0.11733127493765,0.854462316526012,1
"4","10km_605_68",0.0133912587561393,0.23256797178124,0.00240009632590591,0.00430017258391475,0.170089142671223,0.577251357881578,1
"5","10km_605_69",0.0261221045593653,0.0981123267638554,0.0367048967199447,0,0.108577947725639,0.730482724231195,1
"6","10km_606_60",0.00679640219761758,0.0840995152379512,0.00589687837734466,0.00459756619250601,0.086894264204656,0.811715373789925,1
"7","10km_606_61",0,0.0656924527514363,0.000011109291250638,0,0.0693000896934979,0.864996348263815,1
"8","10km_606_63",0.0121957000877653,0.156426270921315,0.0410855142300944,0,0.108956059331617,0.681336455429209,1
"9","10km_606_64",0.0345466926298638,0.537080096386532,0.0397887065891734,0.00131647326438404,0.117228422000415,0.270039609129632,1
"10","10km_606_65",0.0486948335839348,0.937696325732458,0.0126241811982374,0.00096864580668494,0.0000160136786844307,0,1
"11","10km_606_66",0.00519271873704767,0.796093565048142,0.139582420084498,0.00410979361489198,0.0550215025154203,0,1
"12","10km_606_67",0.0266015592909129,0.857854661164369,0.0755330015308534,0.0107224479081954,0.0292883301056688,0,1
"13","10km_606_68",0.0451200842201055,0.525686620100158,0.0961165016700385,0.0437690656258607,0.260893339941879,0.0284143884419576,1
"14","10km_606_69",0.0905751058365436,0.140472696880641,0,0,0.112259897269207,0.656692300013608,1
"15","10km_607_51",0.000447155405538029,0.331054165831318,0.0862489944783637,0.00769388616280641,0,0.574555798121974,1
"16","10km_607_52",0.108363357304973,0.289300304065171,0.140615595998651,0.0108914522840883,0.0338683664556218,0.416960923891495,1
"17","10km_607_53",0.00518938377006921,0.0193091339953483,0.0108868637477642,0,0.0663906547050709,0.898223963781747,1
"18","10km_607_54",0.00339745048870763,0.126482064447327,0.00828788653441879,0,0.141862546891119,0.719970051638428,1
"19","10km_607_55",0.0038318914817253,0.00421125662649144,0,0,0.0379185633788689,0.954038288512914,1
"20","10km_607_56",0.00000068398303529729,0.037069708649909,0,0,0.0675781412343035,0.895351466132752,1
"21","10km_607_58",0,0.0829599541298151,0,0,0.0669914877299055,0.850048558140279,1
"22","10km_607_59",0.0193708050308495,0.190426280310354,0.00389774507811731,0,0.131969257383378,0.654335912197301,1
"23","10km_607_60",0.0290054911641074,0.344327667705114,0.00249811497227766,0.00769592597612334,0.209926107766496,0.406546692415882,1
"24","10km_607_61",0.0125731774110806,0.309685408636064,0.0258036116315236,0.0127939184015369,0.111281737556666,0.527862146363129,1
"25","10km_607_62",0.00744009503284973,0.11060408646186,0.0129945883948514,0.00259891767897027,0.278632198471315,0.587730113960153,1
"26","10km_607_63",0.0873588770362207,0.675593410148692,0.00630184185652389,0.00349876638767432,0.212952144758392,0.0142949598124979,1
"27","10km_607_64",0.0217713056497888,0.919580713585887,0.0586479807643238,0,0,0,1
"28","10km_607_65",0.027372241050757,0.729065861636325,0.23658991594413,0.000837526722625145,0.00613445464616283,0,1
"29","10km_607_66",0.0988993755953308,0.662446458776342,0.0905292151618148,0,0.144519161890354,0.00360578857615923,1
"30","10km_607_67",0.0250074146428299,0.732489501681734,0.178781338335906,0.0205486247287785,0.0431731206107519,0,1
"31","10km_607_68",0.143894036038176,0.598659004815526,0.18221339703678,0.000188649607123474,0.0750449125023945,0,1
"32","10km_607_69",0.0268388858915459,0.663173121302682,0.0891337404031065,0.0049006536031101,0.0827329054715342,0.133220693328021,1
"33","10km_607_70",0,0.00870100695158163,0.0235731404088845,0,0.0584203248701118,0.909305527769422,1
"34","10km_608_47",0,0.126102107898804,0,0.0690792781962759,0.0264792180514826,0.778339395853438,1
"35","10km_608_48",0.0119245273084313,0.648307763246089,0.00413602104106359,0.0136891221323809,0.00731083195881419,0.314631734313221,1
"36","10km_608_49",0.0807446974342504,0.632138672505427,0.00930764269370165,0.01239009351408,0.00447977679108818,0.260939117061452,1
"37","10km_608_50",0.0169864180179137,0.90142048110479,0.060655307782355,0.00607524532404865,0,0.0148625477708927,1
"38","10km_608_51",0.0310278334359809,0.838581241750855,0.0797147429856758,0.0506761818274881,0,0,1
"39","10km_608_52",0.026179454106046,0.7763218471247,0.184523127886156,0.00595029942128689,0.00702527146181153,0,1
"40","10km_608_53",0.0796410368319182,0.589357446799127,0.113626736208589,0.00607763935651158,0.125398481989848,0.0858986588140066,1
"41","10km_608_54",0.103610187431084,0.611094337330857,0.0182028767433547,0.00349737549954813,0.223928359065806,0.0396668639293499,1
"42","10km_608_55",0.172143574251395,0.434067086147888,0.0557289396815855,0.00299782400940758,0.225208268700262,0.109854307209462,1
"43","10km_608_56",0.0250825322268188,0.609080314465665,0.00355196241709478,0,0.209402949192975,0.152882241697447,1
"44","10km_608_57",0,0.0146578561344603,0,0.00306708199736228,0.0540248370738508,0.928250224794327,1
"45","10km_608_58",0.0175168403699103,0.385709184634558,0,0.00172691699238596,0.258577632946307,0.336469425056839,1
"46","10km_608_59",0.0152813998249064,0.124545787634182,0.00439745596638821,0.0142313864289068,0.485353130293027,0.356190839852589,1
"47","10km_608_60",0.00771889494233574,0.179408160281428,0.0185907210443306,0.0057221326076026,0.402217426247109,0.386342664877194,1
"48","10km_608_61",0.0346905582837559,0.552796391710922,0.043052542686008,0.0148723682821595,0.117460773901353,0.237127365135802,1
"49","10km_608_62",0,0.0128666312273863,0.00359471739884691,0,0.0881233189108987,0.895415332462868,1
"50","10km_608_63",0.00349200822568649,0.88533114755076,0.00537459145036972,0,0.10113704127008,0.00466521150310323,1
"51","10km_608_64",0.0264374867615838,0.849531682197988,0.101853620364017,0,0.0203754691144127,0.00180174156199788,1
"52","10km_608_65",0.00115075362230406,0.342959334065291,0.0492020966963002,0.00546114903019458,0.351975339680675,0.249251326905235,1
"53","10km_608_66",0.00409946022247956,0.08672869316042,0.0179073121280913,0.00877704259165595,0.259563338160696,0.622924153736657,1
"54","10km_608_67",0.00719965278067075,0.471955788933846,0.118407118398636,0.00739291329640847,0.244047712461193,0.150996814129246,1
"55","10km_608_68",0.0458771330635719,0.878651864546911,0.057997863699593,0.00688512122294112,0.010588017466983,0,1
"56","10km_608_69",0.0344226462240637,0.691049846809688,0.0280537556494725,0.0214180108966425,0.210053739873194,0.0150020005469397,1
"57","10km_608_70",0.0118752342041188,0.230120527063801,0.108402297890064,0.00730169023017229,0.206771955985235,0.43552829462661,1
"58","10km_609_47",0.000319117506071211,0.23131431004257,0.0101532162036753,0.108689065623244,0,0.64952429062444,1
"59","10km_609_48",0.0171001821508394,0.909026125258614,0.0291587435809455,0.0447149490096012,0,0,1
"60","10km_609_49",0.0049527802817154,0.879505219121952,0.082518885316585,0.0330231152797474,0,0,1
"61","10km_609_50",0.00929256985650695,0.935508712766398,0.0551987173770953,0,0,0,1
"62","10km_609_51",0.024527043250792,0.933322664124652,0.00451404268705906,0.0260454603961355,0.0115907895413612,0,1
"63","10km_609_52",0.103713014960183,0.576643361352087,0.214702863118727,0.0119905896632324,0.0877558918702932,0.00519427903547766,1
"64","10km_609_53",0.0155318722253259,0.748801794711516,0.0306648624145291,0.00429669111042217,0.142913638876529,0.0577911406616776,1
"65","10km_609_54",0.0236681386403043,0.586773939439002,0.0299836500984525,0,0.333739944424004,0.0258343273982375,1
"66","10km_609_55",0.0786876425596993,0.639110510324293,0.0578337819312114,0.00589572054306273,0.158725223300205,0.0597471213415278,1
"67","10km_609_56",0.013316288266028,0.186895161916956,0.0400397870959464,0,0.102346628973947,0.657402133747122,1
"68","10km_609_57",0.00649569985511461,0.0411124464704218,0,0.00792559457009699,0.167979902814451,0.776486356289915,1
"69","10km_609_58",0,0.054620974879995,0.00161008457430907,0.00518124199377836,0.286081056383806,0.652506642168111,1
"70","10km_609_59",0.00574796769554622,0.191299128642132,0.0184893034144161,0.0137340506750831,0.532238773178184,0.238490776394638,1
"71","10km_609_60",0.0231316683872508,0.433020102504582,0.0668123111098649,0.0132957250600508,0.344537865558125,0.119202327380127,1
"72","10km_609_61",0.0207097509490913,0.411774385129138,0.0874242975885158,0.0027317923126143,0.173040413265568,0.304319360755073,1
"73","10km_609_62",0.000468881978500653,0.065834767569552,0.000933755211429893,0.00579758550338824,0.0755794057635204,0.851385603973609,1
"74","10km_609_63",0,0.0828017237782509,0.00164476124461444,0,0.102245576581234,0.8133079383959,1
"75","10km_609_64",0,0.154703342407526,0.0138826712689494,0,0.206694447029412,0.624719539294113,1
"76","10km_609_65",0.00989833536237525,0.147657273501613,0,0,0.258853269471556,0.583591121664456,1
"77","10km_609_66",0.00519931533535521,0.107474827867401,0,0,0.151949133916547,0.735376722880697,1
"78","10km_609_67",0.00309985045652363,0.127610389148209,0.0370982103022667,0.00289986010448985,0.16333442911887,0.66595726086964,1
"79","10km_609_68",0.0712088471022741,0.212857576664763,0.0386077879109993,0,0.361765849038138,0.315559939283826,1
"80","10km_609_69",0.0415631045441728,0.413594601548796,0.117953236136895,0,0.404292356487192,0.0225967012829438,1
"81","10km_609_70",0.036200321330424,0.597336273203065,0.0274017240644241,0,0.266560739957722,0.0725009414443647,1
"82","10km_609_71",0.0310235431262901,0.391117477894617,0.00391302965668154,0.000317247986198062,0.167144199027212,0.406484502309001,1
"83","10km_609_72",0.00711479570463972,0.274768897931033,0.0751452803770349,0.0119881617101266,0.149678549118184,0.481304315158982,1
"84","10km_610_46",0.00799425507420396,0.0219233081466049,0.221371039542392,0.0473233775443407,0.109235375437482,0.592152644254976,1
"85","10km_610_47",0.0636369189797454,0.197560254272834,0.0277387560273793,0.213569232986774,0.0542741339778467,0.443220703755421,1
"86","10km_610_48",0.0254466406424405,0.972416120551937,0.00173402455821574,0.00040321424740714,0,0,1
"87","10km_610_49",0.0296762723670101,0.849956356585404,0.120367371047586,0,0,0,1
"88","10km_610_50",0.0206088342836159,0.961782043565254,0.0118137560040078,0.00579536614712211,0,0,1
"89","10km_610_51",0.0273144922335737,0.950456764820861,0.011405811742551,0.00332888624167535,0.00749404496133847,0,1
"90","10km_610_52",0.141475258658625,0.704382199446846,0.114331417686547,0.0339733373687678,0.00583778683921448,0,1
"91","10km_610_53",0.0187782748951373,0.321866597375461,0.011725751955557,0,0.283475454150513,0.364153921623332,1
"92","10km_610_54",0.0406028914738277,0.241114435544364,0.00329752546457942,0.00769422608401865,0.124384244905775,0.582906676527435,1
"93","10km_610_55",0.00437127379287698,0.0779899447948421,0.00512901769383738,0,0.0678748677884402,0.844634895930003,1
"94","10km_610_56",0.00349756424059922,0.0700487873878333,0.00309784261310217,0,0.176977343210679,0.746378462547787,1
"95","10km_610_57",0.0626221803788236,0.441421481979117,0.0139670657521913,0,0.368614781277196,0.113374490612672,1
"96","10km_610_58",0.0222260951954792,0.536621075832138,0.177078943497953,0,0.208281970483258,0.0557919149911712,1
"97","10km_610_59",0.0584438324994394,0.765706896864961,0.151818558549915,0.00259849668452426,0.0214322154011605,0,1
"98","10km_610_60",0.200592850527048,0.550862679434756,0.136002655889881,0.000365322072583659,0.112176492075731,0,1
"99","10km_610_61",0.00660916527239783,0.226603485534456,0.00289494016970509,0,0.206717011423814,0.557175397599626,1
"100","10km_610_62",0.0138268557064241,0.279555096572763,0.0173785091991083,0,0.110787776885602,0.578451761636102,1
"101","10km_610_66",0,0,0.00789452925919964,0,0.0855059926301877,0.906599478110613,1
"102","10km_610_67",0.000741914915006635,0.188876435403791,0.0286757380199526,0.020794441977471,0.326691434347139,0.434220035336639,1
"103","10km_610_68",0.0635415987729522,0.797277726100679,0.0915368423520375,0.0078003124091854,0.0387588296051224,0.00108469076002363,1
"104","10km_610_69",0.0190492840774193,0.761828050712858,0.185671931009265,0.00957678290619505,0.0238739512942631,0,1
"105","10km_610_70",0.0144938655174511,0.0939883056865115,0.0625144685979325,0.0739764250535774,0.402925286769235,0.352101648375293,1
"106","10km_610_71",0.00937115283700952,0.249618396149034,0.0324358320108331,0.00284164669663784,0.112582506026783,0.593150466279702,1
"107","10km_610_72",0,0.0964560440407271,0.0231615049676275,0,0.0850361738420483,0.795346277149597,1
"108","10km_610_88",0,0,0,0,0.0201540031721039,0.979845996827896,1
"109","10km_611_46",0.0142949619533059,0.000113467850183114,0.152193214133082,0.108484539865382,0.113980115938539,0.610933700259508,1
"110","10km_611_47",0.00840016205007922,0.108600791409672,0.0567725024146349,0.424777770302753,0.028674054675081,0.37277471914778,1
"111","10km_611_48",0.0358714952107412,0.852507382824201,0.0694879428427307,0.0421331791223274,0,0,1
"112","10km_611_49",0.0273781098602949,0.736885260392422,0.192770982886236,0.0429656468610467,0,0,1
"113","10km_611_50",0.0410418711086996,0.916863344839293,0.0420947840520075,0,0,0,1
"114","10km_611_51",0.0686107797991766,0.826000659186019,0.101323322893601,0.00406523812120341,0,0,1
"115","10km_611_52",0.0138853266438252,0.860550111057773,0.0995337776429314,0.0195846297711361,0.00644615488433397,0,1
"116","10km_611_53",0.0323687307597668,0.516900522596414,0.0403706444521305,0.0110836239221909,0.156132804880877,0.243143673388621,1
"117","10km_611_54",0,0.136468296633646,0.00779415109023753,0.0148271574062155,0.121768203089817,0.719142191780084,1
"118","10km_611_56",0.00659540683983641,0.363562840638293,0.0450662204621394,0.0177876123862255,0.30932030795984,0.257667611713666,1
"119","10km_611_57",0.0439507963338595,0.68946549105992,0.108594879609647,0.00659563366306765,0.12217795008992,0.0292152492435863,1
"120","10km_611_58",0.0305920461852642,0.743852711201368,0.183207373724162,0,0.0423478688892055,0,1
"121","10km_611_59",0.0329758917750233,0.841978951988576,0.120647700327914,0.00439745590848669,0,0,1
"122","10km_611_60",0.0228835827726496,0.819161068234476,0.157955348992874,0,0,0,1
"123","10km_611_61",0.0240025497463349,0.385711431583045,0.0326027535969589,0,0.119877720370471,0.43780554470319,1
"124","10km_611_62",0.0165604886474183,0.0570084587323569,0.0408972201907272,0,0.131288149958162,0.754245682471336,1
"125","10km_611_63",0.00519816702009014,0.0419870024083764,0,0.0198242443660954,0.191732559480587,0.741258026724851,1
"126","10km_611_64",0.00922090338948059,0.0170421051059648,0.00432834391885934,0.0185627813522789,0.184398783578596,0.76644708265482,1
"127","10km_611_65",0.0027388399109764,0.0334719709867442,0.022729375403321,0.00171158808509342,0.181043236722961,0.758304988890904,1
"128","10km_611_66",0.0332872659157779,0.0839845541277512,0.0132180950405185,0,0.138112103839748,0.731397981076204,1
"129","10km_611_67",0.0329270061023518,0.409000292720305,0.0876301002609004,0.032602980738075,0.3503596891171,0.0874799310612683,1
"130","10km_611_68",0.0627781500796485,0.881501201584411,0.0474203160385411,0.00830033229739909,0,0,1
"131","10km_611_69",0.0379325407802113,0.471911672911796,0.13326016156217,0.0205272300300342,0.294676863257413,0.0416915314583753,1
"132","10km_611_70",0.00848025310270243,0.0562565848524178,0.0217050230526226,0,0.0726184948091921,0.840939644183065,1
"133","10km_611_86",0.0520179057338842,0.0853252631457319,0.038500200581917,0,0.0968792386736486,0.727277391864818,1
"134","10km_611_87",0.0243644734820564,0.531757410297847,0.0214760194591322,0,0.112132277709493,0.310269819051472,1
"135","10km_611_88",0.0763526399940211,0.739856240012082,0.0800106747113479,0.00224661006818608,0.0863312733338478,0.0152025618805154,1
"136","10km_611_89",0.102540137044445,0.0656446759305076,0.0111250809729156,0.000615997743360142,0.255228225708612,0.56484588260016,1
"137","10km_612_46",0,0,0,0.310591558320523,0.122525410864415,0.566883030815062,1
"138","10km_612_47",0.00836007881387496,0.181881649689302,0.00309756890052806,0.383779269439589,0.0218055756801365,0.40107585747657,1
"139","10km_612_48",0.0298030418004726,0.891553588934284,0.073396945135663,0.00524642412958039,0,0,1
"140","10km_612_49",0.0145015738028713,0.725227139900641,0.246558560104706,0.0113146435762749,0.00239808261550656,0,1
"141","10km_612_50",0.0310751529606767,0.880271599767673,0.0812591594289167,0.00739408784273337,0,0,1
"142","10km_612_51",0.111771551643917,0.830567007035038,0.0576614413210453,0,0,0,1
"143","10km_612_52",0.0572858132899718,0.824836441443002,0.0712771566274464,0.0124961085538964,0.0341044800856828,0,1
"144","10km_612_53",0.134397118368117,0.73659047543136,0.0869108395586951,0.0052557963842817,0.0368457702575461,0,1
"145","10km_612_54",0.0163877022767101,0.351806330870935,0.00819385113835506,0.0170567567037921,0.355921500955708,0.2506338580545,1
"146","10km_612_55",0.0605560446348945,0.279530139351584,0.00067911087988275,0.00937055488376002,0.2218730712067,0.427991079043179,1
"147","10km_612_56",0.0305769179169672,0.91360047029176,0.0558226117912732,0,0,0,1
"148","10km_612_57",0.0634961038277234,0.866404588011478,0.0671012928675518,0,0.00299801529324646,0,1
"149","10km_612_58",0.047482084487422,0.893436083969088,0.0590818315434901,0,0,0,1
"150","10km_612_59",0.103898271007947,0.819084650736317,0.0770170782557364,0,0,0,1
"151","10km_612_60",0.0394431561079064,0.842413147636985,0.118143696255108,0,0,0,1
"152","10km_612_61",0.0335815703593374,0.36570800574175,0.043846798923818,0.0119349893058797,0.207373809932246,0.337554825736969,1
"153","10km_612_63",0.0034987662324833,0.0335908745578274,0,0.0123963428318657,0.126408411683974,0.824105604693849,1
"154","10km_612_64",0.0596595418238021,0.57745389600563,0.0372713092180961,0.030191428775266,0.208922418014446,0.0865014061627593,1
"155","10km_612_65",0.015820128701704,0.823578565992479,0.102274107841121,0.00528694020713225,0.0530402572575638,0,1
"156","10km_612_66",0.0130190724598328,0.947291328065289,0.0396549326750875,0,0.0000346667997904017,0,1
"157","10km_612_67",0.269358899323244,0.513338812607448,0.171164291358744,0.0116994350717986,0.0344385616387653,0,1
"158","10km_612_68",0.0221627858723544,0.752712892521959,0.214703451933013,0.00552067357853113,0.00490019609414261,0,1
"159","10km_612_69",0.0725205780529012,0.786167528783945,0.135038796368952,0,0.00627309679420119,0,1
"160","10km_612_70",0.0317737929899728,0.329383095259945,0.139246183615717,0,0.129775446751037,0.369821481383328,1
"161","10km_612_71",0.0236376609136603,0.157623593098051,0.00840280982072683,0,0.113119471107147,0.697216465060414,1
"162","10km_612_86",0.101925338107831,0.507039599410477,0.0664909117123302,0,0.106167761486772,0.218376389282589,1
"163","10km_612_87",0.00665618724394392,0.706762654874328,0.279261789802991,0.00731936807873659,0,0,1
"164","10km_612_88",0.00846964233941617,0.626986904174223,0.295916709886728,0.00732073191161411,0.0451470818738997,0.0161589298141196,1
"165","10km_612_89",0.0403962914489605,0.347003814596296,0.0188057907941243,0,0.289574867573811,0.304219235586808,1
"166","10km_613_46",0.0251806090634287,0.0116909970651633,0.188657483461226,0.327745439925197,0.118590418016979,0.328135052468007,1
"167","10km_613_47",0,0.148664206596597,0,0.184552933006237,0.0368423917052203,0.629940468691946,1
"168","10km_613_48",0.0833404101429221,0.880193335707522,0.0125358632412665,0.0239303909082891,0,0,1
"169","10km_613_49",0.00987893278951095,0.939582787300385,0.0496626701923921,0.000875609717711657,0,0,1
"170","10km_613_50",0.0250799466023913,0.907977661082954,0.0669423923146544,0,0,0,1
"171","10km_613_51",0.0368237967784019,0.822407534097172,0.129177879587903,0.00359714158030039,0.00799364795622308,0,1
"172","10km_613_52",0.0120186490560668,0.890772843047951,0.0950504895942768,0.000493696905210441,0.00166432139649519,0,1
"173","10km_613_53",0.051639524006213,0.833363477501113,0.0129538197401582,0.0185258892465043,0.0808731203705786,0.00264416913543281,1
"174","10km_613_54",0,0.0278238850690184,0.0269192789191065,0.00269797537213499,0.223287569892361,0.719271290747379,1
"175","10km_613_55",0.00669514023841872,0.517038052556257,0.10117076672723,0.0379950641303836,0.223149346353197,0.113951629994513,1
"176","10km_613_56",0.0535518182168414,0.856124250552922,0.0903239312302371,0,0,0,1
"177","10km_613_57",0.0641152485797841,0.834395313124506,0.10148943829571,0,0,0,1
"178","10km_613_58",0.40167839691725,0.56795331277201,0.0303682903107401,0,0,0,1
"179","10km_613_59",0.231297212283438,0.744414223597441,0.0210904143955643,0,0.00319814972355703,0,1
"180","10km_613_60",0.073108836260889,0.892017779507324,0.0305756594738309,0.00429772475795648,0,0,1
"181","10km_613_61",0.114555690478347,0.233787790643841,0.030817706652836,0.00155859605618631,0.128292190888794,0.490988025279995,1
"182","10km_613_62",0,0,0.00369845960542484,0,0.106255744880179,0.890045795514397,1
"183","10km_613_63",0.119772632607118,0.168536522364752,0.0188933374894747,0.00729742664937383,0.287832463065535,0.397667617823747,1
"184","10km_613_64",0.0341100122733508,0.954808334630909,0.0101024311097982,0.000696390627828937,0.000282831358113125,0,1
"185","10km_613_65",0.0285800081855691,0.862555411485401,0.104665463411022,0.00419911691800807,0,0,1
"186","10km_613_66",0.0236595112822456,0.642891129543964,0.256959435683106,0.00309959167086434,0.0733903318198201,0,1
"187","10km_613_67",0.0331388609090824,0.797335677703199,0.137059464131231,0.0299661180046754,0.00249987925181251,0,1
"188","10km_613_68",0.0785031402072654,0.825202024200089,0.0810549164420521,0.00861232643390908,0.00662759271668449,0,1
"189","10km_613_69",0.0192025589293016,0.791739642529934,0.178983783682588,0,0.0100740148581765,0,1
"190","10km_613_70",0.0472335759720345,0.851468133199936,0.0813408159128065,0.0199574749152227,0,0,1
"191","10km_613_71",0.0349819401633814,0.787157848018578,0.0471689065366785,0,0.110325636087183,0.020365669194179,1
"192","10km_613_86",0.0162846689836694,0.536060916685787,0.0743072613801047,0,0.117224981651725,0.256122171298714,1
"193","10km_613_87",0.0298714736745395,0.44870234184726,0.121631237356379,0,0.125802771396071,0.27399217572575,1
"194","10km_613_88",0.00479214389315783,0.0844262003725529,0.00365698227478838,0,0.0906586396880033,0.816466033771498,1
"195","10km_614_45",0.0063512326603426,0.00409692556066748,0.0836410526820186,0.0413536793843426,0.0657876583020185,0.79876945141061,1
"196","10km_614_46",0.303568250491471,0.0871954674662959,0.127886050781047,0.202335323951352,0.111453179529834,0.167561727780001,1
"197","10km_614_47",0.0445199621676867,0.638218106231745,0.0346761463603934,0.104541167213364,0.00900594295310879,0.169038675073702,1
"198","10km_614_48",0.059494857118277,0.906405773510237,0.0340993693714856,0,0,0,1
"199","10km_614_49",0.0169644370284412,0.970130365890529,0.0129051970810297,0,0,0,1
"200","10km_614_50",0.133120370258416,0.794210072225257,0.0726682887916979,0.0000012687246290812,0,0,1
"201","10km_614_51",0.0837433427190466,0.898744975147962,0.0140392718677564,0,0.00347241026523493,0,1
"202","10km_614_52",0.0927550244996041,0.77362931244003,0.130059251313763,0,0.00355641174660261,0,1
"203","10km_614_53",0.117126307623153,0.698840883855319,0.0742305858016587,0,0.0918333772051072,0.017968845514762,1
"204","10km_614_54",0.0370870977678552,0.210380872564958,0.0994146298079688,0.0147889020253753,0.347972623341943,0.2903558744919,1
"205","10km_614_55",0.0593445832579155,0.804313030705818,0.0320212864218381,0.0128906431263901,0.0914304564880382,0,1
"206","10km_614_56",0.0392249591441917,0.899519258998529,0.0584577304877564,0.00279805136952284,0,0,1
"207","10km_614_57",0.065675121613068,0.775918916958276,0.158405961428656,0,0,0,1
"208","10km_614_58",0.32018284004284,0.658780527094881,0.0209357415322907,0.000100891329988457,0,0,1
"209","10km_614_59",0.158603261358307,0.494045317792831,0.0256851398565315,0.0241850535746749,0.297481227417656,0,1
"210","10km_614_60",0.0635406108478124,0.613418712467933,0.0434263798814342,0.00498006494207915,0.16828700021146,0.106347231649281,1
"211","10km_614_63",0.0402374986062201,0.0363087847767682,0.00585061669729346,0,0.154767387069838,0.76283571284988,1
"212","10km_614_64",0.135390612490455,0.821528570175342,0.008229069975435,0.0305947253167199,0.00425702204204813,0,1
"213","10km_614_65",0.0617442425453014,0.572955908725242,0.357885425663023,0.00370116340167197,0.00371325966476175,0,1
"214","10km_614_66",0.0934038070431278,0.671108661965294,0.192003666474386,0.00158938409914488,0.0418944804180474,0,1
"215","10km_614_67",0.132265355395127,0.807952456177414,0.0212736425216074,0.0385085459058514,0,0,1
"216","10km_614_68",0.0196313842834206,0.841232037223204,0.136080113331606,0.00305646516176928,0,0,1
"217","10km_614_69",0.0744872413309962,0.639323868729346,0.286188889939658,0,0,0,1
"218","10km_614_70",0.0974244925799422,0.488691453488216,0.0715109177572816,0.0271534251915631,0.0959729482686899,0.219246762714307,1
"219","10km_614_71",0.00666276182227406,0.151901722135631,0.063992805170228,0,0.106709326163608,0.670733384708259,1
"220","10km_614_86",0.0170785907576017,0.0237281175081735,0.0348312350954608,0,0.103509885897306,0.820852170741458,1
"221","10km_615_44",0.0813960918479393,0.00808699294248174,0.317158654286158,0.0212571395643487,0.127744748413222,0.44435637294585,1
"222","10km_615_45",0.053845924512032,0.187598247802017,0.175890243944268,0.26101841040529,0.17085575149046,0.150791421845932,1
"223","10km_615_46",0.192401639408887,0.661682645329356,0.100347655245432,0.0402413663023432,0.00270237360822791,0.00262432010575445,1
"224","10km_615_47",0.0409678467110267,0.90090466883166,0.04443822836119,0.0136892560961236,0,0,1
"225","10km_615_48",0.0154480364924208,0.926222285202701,0.0528340453362768,0.00549563296860183,0,0,1
"226","10km_615_49",0.022103897655677,0.755058845240438,0.222837257103885,0,0,0,1
"227","10km_615_50",0.021870266284279,0.802835132079019,0.14681864015739,0.0284759614793123,0,0,1
"228","10km_615_51",0.0140888045195255,0.867800598338878,0.108817981394676,0.00929261574692105,0,0,1
"229","10km_615_52",0.11554580844219,0.78872894399447,0.0874317563948765,0,0.00829349116846306,0,1
"230","10km_615_53",0.173840575507107,0.593958525903915,0.115167874654084,0.0142889959680181,0.102744027966876,0,1
"231","10km_615_54",0.355556397419494,0.271708273033608,0.0927529793823489,0,0.274289346407442,0.00569300375710663,1
"232","10km_615_55",0.0161266457654572,0.339611958531007,0.0161882494822562,0.00307052103610489,0.150104496464794,0.474898128720381,1
"233","10km_615_56",0.04481326181671,0.541808642446682,0.0394449523458288,0.00802166367962155,0.127215867258744,0.238695612452413,1
"234","10km_615_57",0.0184720283516257,0.90890596934889,0.0212962629806427,0.00479682443041013,0.0465289148884313,0,1
"235","10km_615_58",0.062805750482575,0.894369696065727,0.0353292209772135,0.00749533247448461,0,0,1
"236","10km_615_59",0.0301242651076771,0.297508586670732,0.0328809765598369,0.0174898811488494,0.407924514549972,0.214071775962932,1
"237","10km_615_60",0.0221350337299115,0.509515053246218,0.0118870360801569,0.0222662959249112,0.277268537636054,0.156928043382749,1
"238","10km_615_63",0.0510732550806071,0.36182996490191,0.0188092805563272,0.0196139211677867,0.245706652950767,0.302966925342602,1
"239","10km_615_64",0.0634379422879368,0.845787343555663,0.0261493269487107,0.0420241113122531,0.0226012758954362,0,1
"240","10km_615_65",0.0470779841477262,0.788741895627369,0.14845579351139,0.00839568397790069,0.00732864273561398,0,1
"241","10km_615_66",0.0513115888329233,0.798521397132069,0.106671331447987,0.0192877322390683,0.0242079503479521,0,1
"242","10km_615_67",0.0328415614982153,0.748025581784594,0.174877166507837,0.0104994925465346,0.0337561976628184,0,1
"243","10km_615_68",0.0519197117803008,0.627144507974523,0.286203928980189,0.028144781935909,0.00658706932907813,0,1
"244","10km_615_69",0.118309971274574,0.807427861252712,0.0742621674727141,0,0,0,1
"245","10km_615_70",0.18347514845525,0.0715104842389183,0.0109747384675995,0.0231053452417519,0.109138072940484,0.601796210655997,1
"246","10km_616_44",0.0445505606684665,0,0.45577192308077,0.10398936587578,0.0980516937755955,0.297636456599388,1
"247","10km_616_45",0.0606320506348906,0.557210607716005,0.286520647124154,0.0895523004149111,0.00439118473612571,0.00169320937391369,1
"248","10km_616_46",0.111412288867217,0.757019255856933,0.0978480305011127,0.0337204247747367,0,0,1
"249","10km_616_47",0.0139489186873155,0.823587073207155,0.135294876243906,0.0179763467488226,0.00919278511280106,0,1
"250","10km_616_48",0.0203629393933824,0.868009655601346,0.0857479697565268,0.0258794352487451,0,0,1
"251","10km_616_49",0.00519584566689318,0.58011130647208,0.408212969139058,0.00647987872196921,0,0,1
"252","10km_616_50",0.0089928095383132,0.541590033269733,0.449417157191954,0,0,0,1
"253","10km_616_51",0.0127564277621974,0.604519859393475,0.382723712844327,0,0,0,1
"254","10km_616_52",0.0374515955471402,0.856776476376886,0.105771928075974,0,0,0,1
"255","10km_616_53",0.0461320595681104,0.856084467720141,0.0977834727117489,0,0,0,1
"256","10km_616_54",0.153030755116699,0.563307196062548,0.048737922324261,0.00959280129604137,0.225331325200451,0,1
"257","10km_616_55",0.00544599107746279,0.0254393273173344,0.0593734165046372,0,0.231209234006625,0.678532031093941,1
"258","10km_616_56",0,0,0,0,0.00297182138828401,0.997028178611716,1
"259","10km_616_57",0.00339775062886351,0.131380268714441,0.0252729074602671,0.00559629515342225,0.259455055506852,0.574897722536154,1
"260","10km_616_58",0.0130596026358351,0.221849725857267,0.0272830101119964,0.00469707500096642,0.169739889041331,0.563370697352604,1
"261","10km_616_60",0.00964813966746837,0.0448465323279465,0.017647957200602,0.000178024163743119,0.182490589341227,0.745188757299013,1
"262","10km_616_63",0.0475770326725213,0.615217020891184,0,0.00697670143838794,0.0990908610668116,0.231138383931095,1
"263","10km_616_64",0.0243242525373176,0.700796080764569,0.111897842314168,0.045850938166896,0.11713088621705,0,1
"264","10km_616_65",0.0179724218958346,0.71323702412904,0.268789921902328,0,0.000000632072797128608,0,1
"265","10km_616_66",0.0282837196065947,0.703052192088015,0.260554822175184,0.00810926613020682,0,0,1
"266","10km_616_67",0.0504781624656741,0.880811886896249,0.0687099506380766,0,0,0,1
"267","10km_616_68",0.0996136035389622,0.710784103159025,0.185368745934125,0.00421993353216522,0.0000136138357223213,0,1
"268","10km_616_69",0.272483911574622,0.684869586878834,0.028744649754208,0.00840111906874994,0.00550073272358627,0,1
"269","10km_616_70",0.326440511132286,0.481505871797675,0.0100023137538944,0.0181041878945489,0.0732407952890486,0.0907063201325479,1
"270","10km_616_71",0.229393488034313,0.0156231822763702,0.020306788584216,0.00780260842152142,0.142557433388457,0.584316499295122,1
"271","10km_616_72",0.170483484772597,0.124177090246458,0.206489669070036,0.030813626728256,0.17763471893775,0.290401410244903,1
"272","10km_616_73",0.0606351412257039,0.00468042237961032,0.0354801871570264,0.00390216577208105,0.234510270387861,0.660791813077717,1
"273","10km_617_44",0.0232136194159818,0.0126600131053219,0.236417095026564,0.00985450768171437,0.107480121326517,0.6103746434439,1
"274","10km_617_45",0.0325946546450581,0.633050792338199,0.162193460887236,0.0801093764102627,0.0920517157192441,0,1
"275","10km_617_46",0.00709603042937545,0.924547109795674,0.055393577073171,0.0129632827017797,0,0,1
"276","10km_617_47",0.016287917554852,0.906081011715565,0.062781080592315,0.0148499901372678,0,0,1
"277","10km_617_48",0.0209440624040067,0.847565604384827,0.087593609516845,0.040399502715018,0.00349722097930285,0,1
"278","10km_617_49",0.0764322655225422,0.78327120712865,0.106117061856161,0.031481622550343,0.00269784294230363,0,1
"279","10km_617_50",0.108093273536911,0.738471232007161,0.146866161321222,0.00656933313470633,0,0,1
"280","10km_617_51",0.0740178864040893,0.64805777591728,0.27564656717829,0,0.00227777050034047,0,1
"281","10km_617_52",0.0670721906867635,0.835278766193474,0.0791582806016808,0.00717922045672839,0.0113115420613529,0,1
"282","10km_617_53",0.338730248706138,0.378450563721049,0.191306105233804,0.00940790011529171,0.0821051822237177,0,1
"283","10km_617_54",0.0485582908735495,0.623169712374011,0.135536446698847,0,0.192735550053592,0,1
"284","10km_617_55",0.0336099069198017,0.717956934070979,0.125210057813846,0,0.0735511320330059,0.0496719691623672,1
"285","10km_617_56",0.055417211380169,0.207466615117354,0.0656248907017559,0.00450700940554992,0.200781843190379,0.466202430204793,1
"286","10km_617_57",0.00130368910175351,0.0279004781949403,0,0.000545999074841915,0.0414552881089745,0.92879454551949,1
"287","10km_617_62",0.0806507789817418,0.28326626159933,0.031884865111912,0,0.297706010851971,0.306492083455045,1
"288","10km_617_63",0.124434872808104,0.575139533389595,0.0449799111890397,0.0165345517043573,0.234915944211039,0.00399518669786548,1
"289","10km_617_64",0.0731337396648544,0.703360548499093,0.149513623672116,0.017489628798482,0.0527361490260613,0.00376631033939372,1
"290","10km_617_65",0.0729200714250925,0.851662108677195,0.0726803334590782,0,0.00273748643863397,0,1
"291","10km_617_66",0.0897097129525871,0.761914539690913,0.0726496480829762,0.00969872181537054,0.0660273774581527,0,1
"292","10km_617_67",0.171980478192322,0.422492247621006,0.107680593923952,0.00489976304368656,0.292946917219034,0,1
"293","10km_617_68",0.0590865788507815,0.64750675761293,0.0694032558644894,0.0170134299641231,0.206989977707676,0,1
"294","10km_617_69",0.215598377485525,0.388655859855738,0.0829648628701467,0.0178073428439038,0.294973556944686,0,1
"295","10km_617_70",0.318752972349843,0.628817481101679,0.0376972046574561,0.0147323418910225,0,0,1
"296","10km_617_71",0.869819925764016,0.0427626984485164,0.0759977419575587,0.00270090285516464,0.00871873097474415,0,1
"297","10km_617_72",0.835963157265058,0,0.0232119114513402,0,0.100428142753507,0.0403967885300947,1
"298","10km_617_73",0.0248994900154043,0,0.145019989828828,0,0.2107417301915,0.619338789964268,1
"299","10km_618_44",0.00965563559369849,0.0170621746378544,0.143670432703425,0.0208884577609566,0.117006900074353,0.691716399229712,1
"300","10km_618_45",0.0780529571145188,0.697607889393757,0.130078089414419,0.062181886024197,0.0320791780531087,0,1
"301","10km_618_46",0.00994303818226342,0.919874063993217,0.0524041389782266,0.0145812211968884,0.00319753764940464,0,1
"302","10km_618_47",0.0367711404288425,0.92323387264289,0.0306023586665525,0.00939262826171521,0,0,1
"303","10km_618_48",0.00375476547084513,0.732431388521558,0.219158439333464,0.0446554066741325,0,0,1
"304","10km_618_49",0.0306702778699681,0.770500576125886,0.163282280707605,0.0355468652965404,0,0,1
"305","10km_618_50",0.016986418016097,0.878419984072874,0.0745190366283937,0.0300745612826351,0,0,1
"306","10km_618_51",0.046110336778425,0.852656185559509,0.0954071570327785,0.00582632062928719,0,0,1
"307","10km_618_52",0.0225594381474287,0.929165052698799,0.0482755091537723,0,0,0,1
"308","10km_618_53",0.0475260932729517,0.920880530320595,0.0315031987106199,0.0000901776958330806,0,0,1
"309","10km_618_54",0.144632142497849,0.808998122860289,0.0463697346418627,0,0,0,1
"310","10km_618_55",0.138517481665217,0.702032212454843,0.0844009057577945,0,0.0750494001221449,0,1
"311","10km_618_56",0.0251266953666503,0.368942060105167,0.0152893520012041,0.00808422166554309,0.36673322757465,0.215824443286785,1
"312","10km_618_57",0.000295252362477374,0.012488175439717,0.0118286917676697,0,0.089683810962133,0.885704069468003,1
"313","10km_618_58",0.000198960418123655,0.0239867735904654,0.0118925940687478,0.0164897312717931,0.0958174707247587,0.851614469926111,1
"314","10km_618_59",0.0131131863825669,0.32221499026047,0.00644305741848522,0,0.129739037698559,0.528489728239919,1
"315","10km_618_60",0.00997394622155876,0.198353833039012,0.0230410161664214,0,0.122074178778541,0.646557025794466,1
"316","10km_618_64",0.034545981005048,0.124450303760251,0.0362331226333748,0,0.279657652996665,0.525112939604661,1
"317","10km_618_65",0.0970331525553492,0.883022623303511,0.0143221283917316,0.00509892739076533,0.000523168358643008,0,1
"318","10km_618_66",0.0506531748608948,0.674675141576703,0.0875687064425363,0,0.187102977119866,0,1
"319","10km_618_67",0.0615434650999995,0.252991883865789,0.0542838617064211,0.0113994485457536,0.619781340782036,0,1
"320","10km_618_68",0.057700493426227,0.798181955618937,0.0832106588234382,0.0152805072339886,0.0456263848974094,0,1
"321","10km_618_69",0.186252781025437,0.498243795621128,0.0927674128308857,0.0265482932352438,0.196187717287306,0,1
"322","10km_618_70",0.244398808089169,0.610530087127505,0.0772454893464631,0.0606840082335622,0.00714160720330101,0,1
"323","10km_618_71",0.641963886847635,0.0708377361584618,0.163015767779385,0.0197654852257482,0.104417123988771,0,1
"324","10km_618_72",0.476342090383275,0.0072143571195293,0.0706552908316729,0,0.119543188076279,0.326245073589244,1
"325","10km_619_44",0.0382137895715263,0.0293656458154819,0.0968296922065054,0.00550578273551814,0.240036299085224,0.590048790585744,1
"326","10km_619_45",0.00954721571072851,0.113037364331445,0.000259162742201178,0.116423356352145,0.76073290086348,0,1
"327","10km_619_46",0.0539023879287884,0.617297348941913,0.12819895493153,0.113171630525606,0.0874296776721622,0,1
"328","10km_619_47",0.0244331329314919,0.696389357055985,0.222043835406321,0.0571336746062028,0,0,1
"329","10km_619_48",0.0165767461233065,0.552113457808459,0.381572683449138,0.0497371126190965,0,0,1
"330","10km_619_49",0.00439648479482815,0.799848984839992,0.174711993396802,0.0210425369683772,0,0,1
"331","10km_619_50",0.043724177867105,0.819687711740241,0.0757481117416962,0.0608399986509583,0,0,1
"332","10km_619_51",0.0262515792373975,0.827248044654677,0.134104473051606,0.00897661827229736,0.00341928478402275,0,1
"333","10km_619_52",0.01764949268617,0.744376243511599,0.217312481316844,0.00879309906019458,0.0118686834251922,0,1
"334","10km_619_53",0.0294416641542085,0.80749807576067,0.143665443325544,0.0193948167595776,0,0,1
"335","10km_619_54",0.0439312781531867,0.887501286241457,0.0640517244731333,0,0.00451571113222314,0,1
"336","10km_619_55",0.244428479163221,0.625500909251353,0.0448070501927554,0.0130904979639823,0.0721730634286884,0,1
"337","10km_619_56",0.0141230191814235,0.634774198175725,0.114459442751956,0.00259819053088305,0.234045149360012,0,1
"338","10km_619_57",0.0205863712891746,0.570298665151955,0.0175229684139205,0,0.238153860343142,0.153438134801807,1
"339","10km_619_58",0,0,0,0,0.037210762454813,0.962789237545187,1
"340","10km_619_59",0.00599653057522181,0.0922411502338715,0.0202606672075378,0,0.150871084610068,0.730630567373301,1
"341","10km_619_60",0.00879534340978796,0.193674831535704,0.0350945620581178,0.0111940734306392,0.352740038216248,0.398501151349503,1
"342","10km_619_65",0.15634292830628,0.118927577667912,0.0581675582110817,0.00829825428488247,0.15754476891074,0.500718912619103,1
"343","10km_619_66",0.0678997049288437,0.683264121075517,0.0936289573002097,0.00529930147113796,0.149907915224291,0,1
"344","10km_619_67",0.00419979677075257,0.0429044045035918,0.0084122350789889,0,0.944483563646667,0,1
"345","10km_619_68",0.0687081040105997,0.173202291076718,0.230321550206964,0.012478347961257,0.515289706744461,0,1
"346","10km_619_69",0.160268563330052,0.684982267936599,0.0328619313098652,0.00700093217254326,0.11488630525094,0,1
"347","10km_619_70",0.163159288757875,0.66888316885093,0.139350926788741,0.0147034003271351,0.0139032152753182,0,1
"348","10km_619_71",0.348577689870556,0.354059278126603,0.226424970900238,0.0155852815005877,0.0553527796020156,0,1
"349","10km_619_72",0.155197630088895,0.0685611159297744,0.0918585533869995,0.00740327341326567,0.111969103971766,0.5650103232093,1
"350","10km_620_44",0.0478686923775838,0.0260650214418563,0.0535008643119505,0.00252472006210885,0.446102621174698,0.423938080631802,1
"351","10km_620_45",0.0116227430809609,0.162539995971511,0.00592400810667904,0.0159838044771839,0.803929448363665,0,1
"352","10km_620_46",0.0705679300908755,0.784719656991901,0.120451680095306,0.0158854637783526,0.00837526904356439,0,1
"353","10km_620_47",0.0169377392926747,0.949220902066729,0.032216241071572,0.00162511756902428,0,0,1
"354","10km_620_48",0.0132703207069995,0.855370718155825,0.131358961137175,0,0,0,1
"355","10km_620_49",0.0223217401246298,0.681890412899969,0.258414292972262,0.0373735540031387,0,0,1
"356","10km_620_50",0.0525645761888097,0.597239870439883,0.323579632398321,0.02331855747594,0.00329736349704603,0,1
"357","10km_620_51",0.016539961978288,0.664470677339481,0.314692774909031,0,0.00429658577320042,0,1
"358","10km_620_52",0.0272785913916381,0.596971662162114,0.362512820550772,0,0.0132369258954756,0,1
"359","10km_620_53",0.0465080896393778,0.774853136997196,0.167994285183298,0.00429669108262611,0.00634779709750175,0,1
"360","10km_620_54",0.0327402350308937,0.75185199044767,0.191805134656247,0.0085935511266098,0.0150090887385797,0,1
"361","10km_620_55",0.0398722806803182,0.75550668211488,0.117857450568079,0,0.0867635866367229,0,1
"362","10km_620_56",0.00996428684195075,0.877124595487695,0.103431391555199,0.00267841536464506,0.00680131075051064,0,1
"363","10km_620_57",0.0986889211435784,0.724699967865038,0.0312928216401156,0.00277675660391638,0.115289991048887,0.0272515416984646,1
"364","10km_620_59",0.00929462235170445,0.172366290206896,0.0136116384452253,0,0.228438442117092,0.576289006879082,1
"365","10km_620_64",0.0408883886329774,0.0651614786147516,0.0116966784109006,0,0.232956965094632,0.649296489246738,1
"366","10km_620_65",0.0715220619204302,0.106287930787062,0.0306857639262236,0,0.198332954648417,0.593171288717867,1
"367","10km_620_66",0.151189647596429,0.144557440901313,0.0409750680996972,0.00342341808878975,0.131019520763193,0.528834904550577,1
"368","10km_620_67",0.143793384985813,0.064792643039536,0.039510425213269,0.0048758945843897,0.512505679508123,0.234521972668869,1
"369","10km_620_68",0.21820321556939,0.27486084578528,0.103750493355683,0.0129226653745162,0.388734741624047,0.00152803829108392,1
"370","10km_620_69",0.0620225518351947,0.494357739311421,0.0787729353089922,0.0259034485659545,0.338943324978437,0,1
"371","10km_620_70",0.244709839214715,0.384163153950302,0.337484126759591,0.00930215103929134,0.0243407290361007,0,1
"372","10km_620_71",0.214032802718897,0.62116029658758,0.135731917637773,0.00862621078096572,0.0204487722747844,0,1
"373","10km_621_44",0.0597330357032358,0.118329328985144,0.0720913328679926,0.00689790501860612,0.436334396730769,0.306614000694252,1
"374","10km_621_45",0.0835373108698156,0.493643237725212,0.0379118188136593,0.0202253483850288,0.364682284206284,0,1
"375","10km_621_46",0.0126776320065957,0.919127148144765,0.0681952198486392,0,0,0,1
"376","10km_621_47",0.0443651802613047,0.935364503351527,0.0129155896479734,0.00735472673919456,0,0,1
"377","10km_621_48",0.016264538796291,0.874877124767855,0.0718495622580165,0.0370087741778379,0,0,1
"378","10km_621_49",0.0728321184345351,0.60036829603452,0.32170365997351,0.00509592555743414,0,0,1
"379","10km_621_50",0.0335431764341883,0.785450409785012,0.146334137007768,0.0224820238441847,0.0121902529288468,0,1
"380","10km_621_51",0.0268785868109651,0.586660354387333,0.386461058801702,0,0,0,1
"381","10km_621_52",0.00795732683852616,0.32738010288275,0.653566142150513,0.0110964281282109,0,0,1
"382","10km_621_53",0.0449096957274462,0.446582404786605,0.477154786400834,0.00698948058250421,0.0243636325026102,0,1
"383","10km_621_54",0.0592057530031959,0.269165547232652,0.454863930591108,0.0238820781067178,0.192882691066326,0,1
"384","10km_621_55",0.0856200431385102,0.702597178686507,0.142287163279864,0,0.0694956148951191,0,1
"385","10km_621_56",0.17713195146803,0.725291003385134,0.0598835770235266,0.000919079218770357,0.0367743889045382,0,1
"386","10km_621_57",0.22030078083508,0.508632989458167,0.0784970161146775,0.000521060142689158,0.104984052332756,0.0870641011166304,1
"387","10km_621_68",0.0910071201138143,0.0174915013776501,0.108282352493026,0,0.111938823484915,0.671280202530595,1
"388","10km_621_69",0.20588704156312,0.502754988109188,0.130649594011267,0.0197026226810687,0.103940772634242,0.0370649810011148,1
"389","10km_621_70",0.0433423340697449,0.526196919248633,0.41254088369752,0.000454268083967184,0.0174655949001348,0,1
"390","10km_621_71",0.0638512230339212,0.568586954505431,0.213200823256447,0.009777201272816,0.144583797931385,0,1
"391","10km_621_72",0.17984850101186,0.0722304914824602,0.0972431920072535,0,0.149862043040992,0.500815772457434,1
"392","10km_622_44",0.0508119378744345,0.271737381243627,0.0342124799428688,0.0378379927311426,0.176340536262083,0.429059671945844,1
"393","10km_622_45",0.0179865023227689,0.778568641990184,0.0497675337771484,0.0179625790828911,0.135714742827008,0,1
"394","10km_622_46",0.0088901861813039,0.695826629859292,0.276803694917669,0.0184794890417343,0,0,1
"395","10km_622_47",0.0126985247776207,0.848104680084182,0.119174069653474,0.0200227254847231,0,0,1
"396","10km_622_48",0.0560764025067539,0.889151113518379,0.0511698991643333,0.00360258481053427,0,0,1
"397","10km_622_49",0.228174275817202,0.703781720804826,0.0502060673410425,0.0130417708064151,0.00479616523051383,0,1
"398","10km_622_50",0.189513704183947,0.760082367206276,0.0406508696140759,0.00115416499436402,0.0085988940013366,0,1
"399","10km_622_51",0.0618564721468264,0.782896362245393,0.149052088447574,0.0061950771602064,0,0,1
"400","10km_622_52",0.0494120392314868,0.607148192874907,0.293515595966745,0.0175495799633495,0.0323745919635113,0,1
"401","10km_622_53",0.332272751002629,0.276880488182094,0.317991219016833,0.000436310871599717,0.0724192309268442,0,1
"402","10km_622_54",0.0515900818353605,0.754900213991675,0.181402648659615,0,0.0121070555133491,0,1
"403","10km_622_55",0.0837323221163961,0.829089296618449,0.0871350769242436,0.00000627973223824037,0.0000370246086727592,0,1
"404","10km_622_56",0.209880117018979,0.664603514671574,0.0772241831276595,0.0246997373631271,0.0235924478186601,0,1
"405","10km_622_57",0.568449191400511,0.0790986306902045,0.0316262601931772,0.00749774954850049,0.11918790642974,0.194140261737867,1
"406","10km_622_58",0.0229726570207142,0.183581176934851,0,0.00409744832005939,0.164495807901279,0.624852909823096,1
"407","10km_622_59",0.0499109744896561,0.293703887775937,0.0380771295484244,0.00299826524909378,0.254967365752389,0.3603423771845,1
"408","10km_622_60",0.0745282786327571,0.148778612376975,0.0726834622851567,0,0.220170704860044,0.483838941845067,1
"409","10km_622_70",0.130547724613206,0.321087295492845,0,0.00251563434949731,0.117047589081191,0.42880175646326,1
"410","10km_622_71",0.0972991794712134,0.0571685373769921,0.0253969069823232,0.00715924277917105,0.110396054678063,0.702580078712237,1
"411","10km_623_44",0.052162135054139,0.208567367967446,0.124193861863427,0.0154406479818538,0.096845599617066,0.502790387516068,1
"412","10km_623_45",0.0235823030226745,0.786382954219412,0.112924768095177,0.0260016985657737,0.0511082760969629,0,1
"413","10km_623_46",0,0.351232281633529,0.623824953204316,0.024942765162155,0,0,1
"414","10km_623_47",0.0123902755615098,0.711847432412074,0.248609148908271,0.0271531431181455,0,0,1
"415","10km_623_48",0.0305757033977108,0.92631827095346,0.0327757957656526,0.010330229883177,0,0,1
"416","10km_623_49",0.00284707719114916,0.832336969954054,0.146649943603205,0.0181660092515918,0,0,1
"417","10km_623_50",0.0970615616006423,0.635791669672869,0.263538076465884,0.000417013757268814,0.00319167850333644,0,1
"418","10km_623_51",0,0.472307730331418,0.516900844938846,0.0107914247297365,0,0,1
"419","10km_623_52",0.0482004935262318,0.894240632742136,0.054332500506577,0.00259637979072313,0.000629993434332469,0,1
"420","10km_623_53",0.0142499569040526,0.875381794137489,0.0771227569746392,0.0208854984029608,0.0123599935808584,0,1
"421","10km_623_54",0.0399542749162648,0.83456529275541,0.123989002094032,0,0.00149143023429359,0,1
"422","10km_623_55",0.066543411669315,0.670225832099535,0.249094922223623,0.00826120681731252,0.00587462719021459,0,1
"423","10km_623_56",0.0969191428574916,0.767869257038563,0.122485044647446,0.0116987122014472,0.00102784325505192,0,1
"424","10km_623_57",0.159386738432923,0.780248264686879,0.0443755824588806,0.00289808136386381,0.0130913330574538,0,1
"425","10km_623_58",0.0905682920069777,0.226196492308381,0.0421819204470981,0.0159900421688331,0.279024040342852,0.346039212725858,1
"426","10km_623_59",0.0285070678678663,0.487627239363128,0.294204616709213,0,0.160087507182682,0.0295735688771105,1
"427","10km_623_60",0.114200574573429,0.276403737629314,0.394320334573076,0,0.141714517120272,0.0733608361039085,1
"428","10km_623_61",0,0.0876894027056675,0.0462886245043604,0,0.0875005038617026,0.778521468928269,1
"429","10km_624_44",0.0319242499437639,0.0742842164058524,0.0487507714860599,0.0408433782777362,0.335537966177385,0.468659417709203,1
"430","10km_624_45",0.0204398741116161,0.584533542684579,0.100435150543154,0.042529557079669,0.252061875580982,0,1
"431","10km_624_46",0.0279758193670407,0.80452630924742,0.1592000336919,0.0082978376936386,0,0,1
"432","10km_624_47",0.241117392925668,0.592765666246399,0.159899260561986,0.00110560314348001,0.00511207712246777,0,1
"433","10km_624_48",0.0439780482653113,0.89859262765971,0.0213474337405911,0.0355983638709469,0.000483526463440938,0,1
"434","10km_624_49",0.0224193567806745,0.627782116084945,0.337978235614986,0.0118202915193945,0,0,1
"435","10km_624_50",0.021911856385061,0.655930772668686,0.319459528085039,0.00269784286121429,0,0,1
"436","10km_624_51",0.0327037190134084,0.725510306168396,0.241785974818196,0,0,0,1
"437","10km_624_52",0.015078966406743,0.857517570045343,0.0869600105922785,0.00509600058382921,0.0353474523718058,0,1
"438","10km_624_53",0.0617552922137355,0.703002532469182,0.184754751894407,0,0.0504874234226753,0,1
"439","10km_624_54",0.0671771137317403,0.809674290998935,0.121676004676198,0,0.00147259059312693,0,1
"440","10km_624_55",0.0225843576614487,0.776083631649777,0.201332010688774,0,0,0,1
"441","10km_624_56",0.083583537758204,0.881558418421214,0.0348580438205823,0,0,0,1
"442","10km_624_57",0.0152148614263487,0.900758609545521,0.0840265290281308,0,0,0,1
"443","10km_624_58",0.0850295030031037,0.757381152091245,0.146995942005705,0.00489695039714495,0.00569645250280127,0,1
"444","10km_624_59",0.0925454826727445,0.711850704631764,0.195603812695492,0,0,0,1
"445","10km_624_60",0.0502546656284297,0.902966453440657,0.0467788809309136,0,0,0,1
"446","10km_624_61",0.0223959952684191,0.548266602188267,0.142852404216138,0,0.113740273330155,0.17274472499702,1
"447","10km_625_44",0,0.230949214967215,0.0197655796231087,0.0522615242365779,0.20467232652394,0.492351354649159,1
"448","10km_625_45",0.0107919013626645,0.760723054596698,0.137711429116733,0.0697403838010653,0.0210332311228388,0,1
"449","10km_625_46",0.00981478988503232,0.58869966967459,0.398153314447407,0.00333222599297041,0,0,1
"450","10km_625_47",0.0512514462208333,0.858026575374497,0.0302042098828604,0,0.060517768521809,0,1
"451","10km_625_48",0.0402069153589929,0.878734898349652,0.0315649441143756,0.0100389584590584,0.0394542837179209,0,1
"452","10km_625_49",0.0151703168165592,0.827326116052339,0.127749200608167,0.00577717748531591,0.0239771890376195,0,1
"453","10km_625_50",0.029281163793772,0.892559867290967,0.0781589689152608,0,0,0,1
"454","10km_625_51",0.0185852314747493,0.723699002572736,0.248023467817833,0.0096922981346811,0,0,1
"455","10km_625_52",0.288350990330543,0.481160755179056,0.1871974233552,0,0.0432908311352007,0,1
"456","10km_625_53",0.0236968475908868,0.866331733712893,0.101524940902416,0.00844647779380404,0,0,1
"457","10km_625_54",0.0104886323003897,0.816314082838505,0.167758455000974,0.00543882986013125,0,0,1
"458","10km_625_55",0.0631145990366691,0.806218199168762,0.0863993350173987,0.0231831717659222,0.0210846950112482,0,1
"459","10km_625_56",0.289419306493962,0.616503551830168,0.0345500319162255,0.0371741102225534,0.0223529995370904,0,1
"460","10km_625_57",0.0420698478167093,0.867021064978763,0.0432897711566759,0.0161485377597855,0.0314707782880662,0,1
"461","10km_625_58",0.0655861376641399,0.69178225944884,0.226071203272518,0.0123630135741166,0.00419738604038497,0,1
"462","10km_625_59",0.0317044214463184,0.575344878175715,0.377345175938344,0.0155781983560026,0.0000273260836195156,0,1
"463","10km_625_60",0.0110941259954193,0.869336636128278,0.113899581678324,0,0.00566965619797835,0,1
"464","10km_625_61",0.141112489359877,0.693669889005567,0.0854367182613507,0,0.0669520770426462,0.0128288263305588,1
"465","10km_626_44",0.0103360471823336,0.354422036609348,0.0173613291291028,0,0.132902105031932,0.484978482047283,1
"466","10km_626_45",0.0979402488740304,0.798264970156981,0.0814589397640586,0.00259805032548359,0.0197377908794465,0,1
"467","10km_626_46",0.0105918434142242,0.816869035830426,0.0748183013437556,0,0.0977208194115938,0,1
"468","10km_626_47",0.0850931405144858,0.313160323051511,0.01069160874093,0.00171952222594108,0.589335405467132,0,1
"469","10km_626_48",0.018197436846743,0.38800463769228,0.0480460279113447,0.0911793363919679,0.454572561157664,0,1
"470","10km_626_49",0.0164314319711045,0.601342323132305,0.288322335969282,0.0435405369055589,0.0503633720217496,0,1
"471","10km_626_50",0.144925950594736,0.72542193194341,0.0740399672049771,0.0153583902401845,0.0402537600166926,0,1
"472","10km_626_51",0.0253379390433216,0.663976519582883,0.1653810092707,0.016586819486803,0.128717712616293,0,1
"473","10km_626_52",0.0337639323099774,0.869200610873244,0.0248433557451083,0,0.0721921010716706,0,1
"474","10km_626_53",0.0228608826973449,0.705894359098675,0.226443098125171,0.00689469031784617,0.0379069697609623,0,1
"475","10km_626_54",0.0117911514786126,0.830536123050739,0.128524812832151,0.0118970207164528,0.0172508919220445,0,1
"476","10km_626_55",0.0329902063196704,0.827311215099226,0.0453306728382904,0.0943679057428132,0,0,1
"477","10km_626_56",0.1028869939072,0.863303442774772,0.0338095633180285,0,0,0,1
"478","10km_626_57",0.0235447025894746,0.801118222174293,0.0564051138481062,0.0328483114320575,0.0860836499560691,0,1
"479","10km_626_58",0.0288002536267392,0.650910521852704,0.0896004079884965,0.0449559396681216,0.04219179494894,0.143541081914999,1
"480","10km_626_59",0.0466309410332041,0.287687713793271,0.118920522665888,0.0120751024485686,0.104003596135515,0.430682123923554,1
"481","10km_626_60",0.0341991429568387,0.305355505432421,0.313270632274149,0.00839555476321522,0.0978602256082005,0.240918938965176,1
"482","10km_626_61",0.0151927762617618,0.257972772564498,0.0921775506988832,0,0.136821950200611,0.497834950274245,1
"483","10km_627_44",0.0408843910509321,0.120655712103332,0.0190032702292112,0.0206341448431692,0.12110233923562,0.677720142537735,1
"484","10km_627_45",0.0298921491554118,0.256037876960486,0.0118397089624257,0.025149906135048,0.677080358786628,0,1
"485","10km_627_46",0,0.15859473001961,0,0,0.84140526998039,0,1
"486","10km_627_47",0.0292770220577464,0.376517285743622,0.00589537304234483,0.028276896749372,0.560033422406914,0,1
"487","10km_627_48",0.0478002776508624,0.58499546174206,0.0167866606829999,0.0385817610495835,0.311835838874494,0,1
"488","10km_627_49",0.0326337140005704,0.961771776895296,0,0.00559450910413397,0,0,1
"489","10km_627_50",0.0718941319590391,0.489808621743586,0.0127897735628937,0.0169813038485709,0.40852616888591,0,1
"490","10km_627_51",0.0392573926244872,0.370229923094687,0.0730178666737367,0.0148471198917891,0.5026476977153,0,1
"491","10km_627_52",0.00511734889548808,0.795767893483002,0.190580373537894,0.00853438408361577,0,0,1
"492","10km_627_53",0.0241886522392864,0.79712444378489,0.166267853298303,0,0.0124190506775208,0,1
"493","10km_627_54",0.0908037011637534,0.705193014177201,0.191597406459933,0.00436175394344491,0.00804412425566806,0,1
"494","10km_627_55",0.0417827685979687,0.68816988341971,0.141096313997989,0.0150508265077123,0.11390020747662,0,1
"495","10km_627_56",0.017676093801958,0.745567139596184,0.193276236105802,0.0407948084264278,0.00268572206962797,0,1
"496","10km_627_57",0.0251505781027234,0.858416004436387,0.0371255996134955,0.0103815580394665,0.0689262598079279,0,1
"497","10km_627_58",0.000454784916736178,0.166706157401091,0.0418692021766703,0.127140573634711,0.0447216633789818,0.61910761849181,1
"498","10km_628_44",0,0,0.00340232085913677,0.00485090882920552,0.0304374390843506,0.961309331227307,1
"499","10km_628_45",0.038519160331264,0.117378414081665,0.0320629480473591,0.0540123673577689,0.700180610137699,0.0578465000442441,1
"500","10km_628_46",0.0488386656530401,0.629135756817816,0.0360080672956646,0.0601804368694651,0.225837073364015,0,1
"501","10km_628_47",0.00777471076001581,0.498819988773971,0.000646771684754616,0.0773078074241729,0.415450721357086,0,1
"502","10km_628_48",0.0169504923267845,0.565441315813399,0.0501041356045925,0.0509431870313852,0.316560869223839,0,1
"503","10km_628_49",0.0585191519643703,0.776660134175037,0.0266653017655905,0.0156394045192,0.122516007575802,0,1
"504","10km_628_50",0.0168244155193986,0.791817133656653,0.0276764844824823,0.0070943275244649,0.156587638817001,0,1
"505","10km_628_51",0.0339493241871112,0.431557263585704,0.056356602879192,0.0027977767802314,0.475339032567761,0,1
"506","10km_628_52",0.0251151328279905,0.896531996025487,0.0783528711465221,0,0,0,1
"507","10km_628_53",0.0271393091875951,0.908937890747762,0.063922800064643,0,0,0,1
"508","10km_628_54",0.0255244918294853,0.937045163107046,0.0344975731023885,0.00293277196107985,0,0,1
"509","10km_628_55",0.0197351970039295,0.893894407569546,0.0619766245780952,0.00549601052444703,0.0188977603239821,0,1
"510","10km_628_56",0.0822238324051933,0.553899733996119,0.204842555160642,0.0114919963706246,0.14754188206742,0,1
"511","10km_628_57",0.0102777600556241,0.630104244059434,0.154949723893751,0.126122931978834,0.0785453400123574,0,1
"512","10km_628_58",0.0373394754169758,0.138314484478423,0.0103458515637826,0.0767334406507663,0.0632497136525307,0.674017034237522,1
"513","10km_629_45",0.0257466638594176,0.264282588735364,0.141321029126204,0.0548336170047347,0.283624648751379,0.230191452522901,1
"514","10km_629_46",0.013613241187483,0.866784242283407,0.0217092016640946,0.00866858858287274,0.0892247262821428,0,1
"515","10km_629_47",0.0135277754983359,0.511407345497463,0.0143682834706539,0.049615774644425,0.411080820889122,0,1
"516","10km_629_48",0.0470943514325594,0.905053363473001,0.0403920651613059,0.00308897852354225,0.0043712414095911,0,1
"517","10km_629_49",0.0922943632574146,0.309035604531017,0.0354801354577585,0.0117796765177572,0.551410220236053,0,1
"518","10km_629_50",0.0345867183557245,0.356563986339372,0.031305532974416,0.0276973257173094,0.549846436613178,0,1
"519","10km_629_51",0.0157676354409225,0.603310916292775,0.180189279292041,0.0221823730413181,0.178549795932943,0,1
"520","10km_629_52",0.0502983540994347,0.913593659087988,0.0315115941358546,0.00459639267672227,0,0,1
"521","10km_629_53",0.0581856506627373,0.840317661711543,0.089505921876099,0.0119907657496206,0,0,1
"522","10km_629_54",0.0128194962360308,0.71457868421542,0.265967556868245,0.00663426268030384,0,0,1
"523","10km_629_55",0.0448856243218022,0.466030232598329,0.460915640096854,0.0047854764221212,0.0233830265608932,0,1
"524","10km_629_56",0.027040672391107,0.777027848831413,0.19593147877748,0,0,0,1
"525","10km_629_57",0.0564410729633732,0.575645548974835,0.121223621144455,0.110090325175134,0.082495250775796,0.0541041809664066,1
"526","10km_630_45",0,0.00051051764910906,0.28637947694326,0,0.112620384710734,0.600489620696897,1
"527","10km_630_46",0.0148303414849597,0.637816835400259,0.295849985446744,0.0182859183052936,0.0332169193627439,0,1
"528","10km_630_47",0.0346227099991363,0.799727226986066,0.0122903539587959,0.0042314655430217,0.14912824351298,0,1
"529","10km_630_48",0.0106925525274224,0.558207154594926,0.00319745917669742,0.015495330005428,0.412407503695526,0,1
"530","10km_630_49",0.0103916913319482,0.235828512158536,0.00195779858712707,0.0193285076683754,0.732493490254014,0,1
"531","10km_630_50",0.00420235345183331,0.0147694574074631,0.0204629963038482,0,0.960565192836855,0,1
"532","10km_630_51",0.0430141272831078,0.731047951712296,0.026667048689076,0.00919269513317974,0.19007817718234,0,1
"533","10km_630_52",0.0274909748649816,0.706880601832942,0.261731481686034,0,0.00389694161604239,0,1
"534","10km_630_53",0.0025979992441628,0.820950671425325,0.157201605426096,0.00599538287114491,0.0132543410332714,0,1
"535","10km_630_54",0.0282929127965973,0.870545728663884,0.0812636200600486,0.0198977384794703,0,0,1
"536","10km_630_55",0.0639489588448609,0.695500263971866,0.223504013240102,0.017046763943171,0,0,1
"537","10km_630_56",0.0340665236153032,0.918804899329551,0.0471285770551459,0,0,0,1
"538","10km_630_57",0.00110901630288066,0.325806325331133,0.0948673426763814,0.336069535830795,0.0628476804212349,0.179300099437574,1
"539","10km_631_46",0.0260799162557913,0.166669676168319,0.475240437113517,0.00329746067601959,0.0996908343294443,0.229021675456909,1
"540","10km_631_47",0.03928028795754,0.730895904904676,0.174112002084535,0.0000910033529642587,0.0556208017002852,0,1
"541","10km_631_48",0.0906015217899594,0.641303217193881,0.0123118827698645,0.00569547415794461,0.250087904088351,0,1
"542","10km_631_49",0.00950583255379805,0.192271894214557,0.00991104543609584,0.079587546486895,0.708723681308654,0,1
"543","10km_631_50",0,0.00230785053675299,0.0000583573134824405,0.0251797325542911,0.972454059595474,0,1
"544","10km_631_51",0.0709236772155312,0.431472844476293,0.0159872958816295,0.0565308299539405,0.425085352472606,0,1
"545","10km_631_52",0.0101920011469764,0.821230185252243,0.059527827705376,0.000422032866340537,0.108627953029064,0,1
"546","10km_631_53",0.0466540154436157,0.442358052765506,0.0747419540539162,0.0316756061513769,0.404570371585585,0,1
"547","10km_631_54",0.0509357433366244,0.836455657968897,0.100043088013126,0,0.0125655106813527,0,1
"548","10km_631_55",0.223894619677369,0.671075444784259,0.105029935538371,0,0,0,1
"549","10km_631_56",0.0887383815175188,0.845688121567519,0.047025464162046,0.00137130681166217,0.0171767259412543,0,1
"550","10km_631_57",0.0546481636780254,0.514503662044133,0.160103062470755,0.121288677386127,0.110310216137704,0.0391462182832563,1
"551","10km_631_58",0.0317649224159604,0.0100442034206398,0.00913377908798066,0.0236359623168911,0.0307553947153728,0.894665738043155,1
"552","10km_632_46",0.0187633224281523,0,0.0447304430352932,0,0.0546249749305739,0.881881259605981,1
"553","10km_632_47",0.0282184997127634,0.173808765686456,0.516276558328804,0.05496578548525,0.115859046404447,0.11087134438228,1
"554","10km_632_48",0.0212061699139697,0.581535720795308,0.294136458709324,0.0115907895130363,0.0799521444683476,0.011578716600014,1
"555","10km_632_49",0.0181860781091264,0.320760947607109,0.492140494426932,0.101428000207441,0.0674844796493908,0,1
"556","10km_632_50",0.00658406399348317,0.577004620842073,0.0278098098645878,0.237963268262025,0.150638237037831,0,1
"557","10km_632_51",0.0484581131367795,0.891307568692956,0.051170785221276,0.00561225776603932,0.00345127518294948,0,1
"558","10km_632_52",0.0100925736516638,0.726483251204193,0.136791131952364,0.015948532036875,0.110684511154904,0,1
"559","10km_632_53",0.0392898458654804,0.537818463379437,0.0455649097694582,0.0135658984428364,0.363760882542788,0,1
"560","10km_632_54",0.0454728738056682,0.489131730385128,0.0137268308116495,0.0584801955392541,0.3931883694583,0,1
"561","10km_632_55",0.507340960745842,0.30412490571517,0.0330635438462152,0,0.155470589692773,0,1
"562","10km_632_56",0.127492731463054,0.671971705342449,0.0288509345133977,0.0184941188509956,0.153190509830105,0,1
"563","10km_632_57",0.0216856427884457,0.865372962937079,0.107307173518398,0.00532247051800285,0.000311750238074913,0,1
"564","10km_632_58",0.0747843766747934,0.166872320311614,0.107074586740347,0.0355608248392832,0.0774803898652554,0.538227501568707,1
"565","10km_633_47",0.023955124858621,0.00621758513742642,0.022422126494912,0,0.0686441337839088,0.878761029725132,1
"566","10km_633_49",0.00459632501233033,0.0310959724128817,0.21519556872549,0,0.116226713176915,0.632885420672383,1
"567","10km_633_50",0.00999201059618347,0.0800590622422355,0.267536081889937,0.00961951725707435,0.127623273708899,0.505170054305671,1
"568","10km_633_51",0.0117906307113261,0.0648401191933467,0.245440798558323,0.0204503895008444,0.107718559005093,0.549759503031067,1
"569","10km_633_52",0.0370704120259213,0.292230914079875,0.330046505331544,0.0140055953726401,0.104730673080118,0.221915900109901,1
"570","10km_633_53",0.0154651019496963,0.635830629349426,0.263199138160874,0.0855051305400029,0,0,1
"571","10km_633_54",0.0681721615073473,0.857225620639369,0.0393199456510568,0.0330846517356456,0.00219762046658144,0,1
"572","10km_633_55",0.0616670219239537,0.836551940309575,0.0533036874236834,0.0434809771741271,0.00499637316866098,0,1
"573","10km_633_56",0.0460297391415907,0.772782369065091,0.16290569805752,0.0182821937357982,0,0,1
"574","10km_633_57",0.0359108336805241,0.832956483724362,0.11373912483388,0.0173935577612332,0,0,1
"575","10km_633_58",0.0198748165832655,0.569554904923114,0.034900514431435,0.070379474939612,0.0671271126205665,0.238163176502007,1
"576","10km_633_59",0,0,0,0,0.00503908619146646,0.994960913808534,1
"577","10km_634_53",0.180099610248451,0.278797470910171,0.121778434482873,0.01629633000319,0.102879787696031,0.300148366659284,1
"578","10km_634_54",0.0468406308560684,0.878626924156048,0.0511921882994864,0.0225787304825039,0.00076152620589369,0,1
"579","10km_634_55",0.0918058469581397,0.859465498353952,0.0306397663177288,0.0149911370102295,0.00309775135994976,0,1
"580","10km_634_56",0.0192725726662684,0.926683208924943,0.0504467239357405,0.00359749447304816,0,0,1
"581","10km_634_57",0.014493623987852,0.745425330734629,0.240081045277519,0,0,0,1
"582","10km_634_58",0.0173637052690419,0.846062957297146,0.132669960219955,0.00390055606561849,0.00000282114823790536,0,1
"583","10km_634_59",0.0527077877975285,0.16470084416912,0.0459267291951651,0.0389516714911837,0.0823737502328348,0.615339217114168,1
"584","10km_634_61",0.00559826237798155,0.128800702468761,0.0854398277146406,0.230466006391161,0.0601836455828141,0.489511555464642,1
"585","10km_634_62",0.00915158572275134,0.131883192644711,0.137513020721204,0.240940606742018,0,0.480511594169316,1
"586","10km_635_53",0.0387550211330246,0.00742598300970904,0.0106002492036924,0,0.0523660785168892,0.890852668136685,1
"587","10km_635_54",0.102789012115494,0.788387945258698,0.026415632995745,0,0.0483240967609229,0.0340833128691394,1
"588","10km_635_55",0.0349948297537408,0.931496241871085,0.0251150214773964,0.00839390689777824,0,0,1
"589","10km_635_56",0.00747098601312371,0.941794468445928,0.0467373294681888,0.00399721607275988,0,0,1
"590","10km_635_57",0.0139907371715112,0.850148567393593,0.135860695434896,0,0,0,1
"591","10km_635_58",0.0270541553767482,0.90958105693987,0.0633647876833818,0,0,0,1
"592","10km_635_59",0.0731483351535318,0.0704397471709877,0.0548716843396605,0,0.105387495590706,0.696152737745114,1
"593","10km_635_61",0.0139933457699908,0.0176986902454006,0.0703868898596355,0.0212077828515348,0.13171499397635,0.744998297297089,1
"594","10km_635_62",0.0206350789512067,0.0595298643375152,0.25676057485867,0.0750586528113203,0.125111570203369,0.462904258837919,1
"595","10km_635_63",0,0.00763543923591994,0.0425462986219919,0.0522571741940428,0.0986244264906898,0.798936661457355,1
"596","10km_636_54",0.045180118618412,0.379302412534153,0.054887602147108,0,0.107536098632816,0.41309376806751,1
"597","10km_636_55",0.0772283151709169,0.902876946020438,0.0198947388086447,0,0,0,1
"598","10km_636_56",0.071975969425339,0.894875811612222,0.0331482189624388,0,0,0,1
"599","10km_636_57",0.00569622869067571,0.898186730159543,0.0961170411497811,0,0,0,1
"600","10km_636_58",0.0382180561874272,0.841948696080595,0.119833247731978,0,0,0,1
"601","10km_636_59",0.139861524368211,0.0567891486516088,0.0108379101683401,0.00371648709819094,0.145919659055948,0.642875270657701,1
"602","10km_637_54",0.0241529930762098,0.0162866253318695,0.00672797598079702,0,0.0532200587384622,0.899612346872661,1
"603","10km_637_55",0.0796883940417607,0.579274381395702,0.165566810727199,0,0.0697164328887618,0.105753980946577,1
"604","10km_637_56",0.0162650827489115,0.915129557185675,0.0599114151405349,0.00869394492487852,0,0,1
"605","10km_637_57",0.0458696309135957,0.814511653492976,0.10949537490055,0.0301233406928777,0,0,1
"606","10km_637_58",0.0540891811537844,0.529127373004348,0.115552357062701,0.147704223626584,0.0625836736029932,0.0909431915495894,1
"607","10km_637_59",0.00994258545973657,0.0152389066320287,0.00397601473204643,0.0190094990626139,0.179369695655454,0.77246329845812,1
"608","10km_638_55",0.0771562349897924,0.048631123705398,0.0481608180103466,0,0.0833784701750006,0.742673353119462,1
"609","10km_638_56",0.0271249481518274,0.220489340344527,0.122529236656519,0,0.08805043505169,0.541806039795437,1
"610","10km_638_57",0.0518041436425368,0.374801077701351,0.22864638280412,0.0160267561664102,0.0932706916717149,0.235450948013868,1
"611","10km_638_58",0.08684482311171,0.177147389684068,0.305812051258732,0.0197716841315282,0.103314763907287,0.307109287906675,1
"612","10km_639_58",0.0136753868553845,0.0668583601686029,0.322655181261649,0,0.157645159369728,0.439165912344636,1
"613","10km_639_59",0.0659884501197825,0,0.119696839725945,0,0.113455221333308,0.700859488820964,1
"614","10km_640_59",0.0476982902770804,0,0.27953780875871,0,0.336251273432422,0.336512627531788,1
